"Id","SourceId","School","Mascot","Abbreviation","DisplayName","ShortDisplayName","PrimaryColor","SecondaryColor","CurrentVenueId","CurrentVenue","CurrentCity","CurrentState","ConferenceId","Conference","NcaaSlug","Wins","Losses","ConfWins","ConfLosses"
"1","2000","Abilene Christian","Wildcats","ACU","Abilene Christian Wildcats","Abilene Chrstn","592d82","b1b3b3","159","Moody Coliseum (Abilene)","Abilene","TX","1","WAC","abilene-christian","10","9","2","4"
"2","3136","Academy of Art","Urban Knights","AUA","Academy of Art Urban Knights","Academy Art","","","","","","","","","academy-of-art","","","",""
"3","2001","Adams State","Grizzlies","ADST","Adams State Grizzlies","Adams St","000000","","","","","","","","adams-st","","","",""
"4","2003","Adrian","Bulldogs","ADR","Adrian Bulldogs","Adrian","000000","","","","","","","","adrian","","","",""
"5","2005","Air Force","Falcons","AFA","Air Force Falcons","Air Force","004a7b","ffffff","179","Clune Arena","Colorado Springs","CO","2","Mountain West","air-force","3","17","0","9"
"6","2006","Akron","Zips","AKR","Akron Zips","Akron","00285e","84754e","279","James A. Rhodes Arena","Akron","OH","3","MAC","akron","16","4","7","1"
"7","333","Alabama","Crimson Tide","ALA","Alabama Crimson Tide","Alabama","9e1632","ffffff","2","Coleman Coliseum","Tuscaloosa","AL","4","SEC","alabama","13","6","3","3"
"8","2010","Alabama A&M","Bulldogs","AAMU","Alabama A&M Bulldogs","Alabama A&M","790000","ffffff","245","Event Center","Huntsville","AL","5","SWAC","alabama-am","10","9","3","3"
"9","2011","Alabama State","Hornets","ALST","Alabama State Hornets","Alabama St","e9a900","0a0a0a","373","Dunn-Oliver Acadome","Montgomery","AL","5","SWAC","alabama-st","6","13","3","3"
"10","2008","Alabama-Huntsville","Chargers","AH","Alabama-Huntsville Chargers","AL-Huntsville","","","","","","","","","ala-huntsville","","","",""
"11","298","Alaska","Nanooks","AKFB","Alaska Nanooks","Alaska","000000","","745","John A. Carlson Center","Fairbanks","AK","","","","","","",""
"12","1","Alaska Anchorage","Seawolves","UAA","Alaska Anchorage Seawolves","AK-Anchorage","000000","","568","Alaska Airlines Center","Anchorage","AK","","","","","","",""
"13","2013","Albany St (GA)","Golden Rams","ALBGA","Albany St (GA) Golden Rams","Albany St","000000","","","","","","","","albany-st-ga","","","",""
"14","2014","Albertson College","Coyotes","ALBT","Albertson College Coyotes","Albertson","","","","","","","","","","","","",""
"15","440","Albertus Magnus","Falcons","ALBERTUS","Albertus Magnus Falcons","Albertus","","","","","","","","","albertus-magnus","","","",""
"16","2790","Albion","Britons","ALBI","Albion Britons","ALBION","000000","","","","","","","","albion","","","",""
"17","2015","Albright College","Lions","ALB","Albright College Lions","Albright","c82e48","000000","","","","","","","albright","","","",""
"18","2016","Alcorn State","Braves","ALCN","Alcorn State Braves","Alcorn St","4b0058","46166a","440","Davey L. Whitney Complex","Lorman","MS","5","SWAC","alcorn","","","",""
"19","108820","Alfred State","Pioneers","ALFS","Alfred State Pioneers","ALFRED ST","","","","","","","","","alfred-st","","","",""
"20","484","Alice Lloyd College","Eagles","ALICE","Alice Lloyd College Eagles","Alice Lloyd","","","","","","","","","","","","",""
"21","2018","Allegheny","Gators","ALL","Allegheny Gators","Allegheny","000000","","","","","","","","allegheny","","","",""
"22","2019","Allen University","Yellow Jackets","ALN","Allen University Yellow Jackets","Allen","000000","","","","","","","","allen","","","",""
"23","428","Alliance University","Warriors","NYACK","Alliance University Warriors","Alliance U","","","","","","","","","","","","",""
"24","2800","Alma","Scots","ALM","Alma Scots","Alma","000000","","","","","","","","alma","","","",""
"25","404","Alvernia College","Crusaders","ALV","Alvernia College Crusaders","Alvernia College","9e053b","fdbe10","","","","","","","","","","",""
"26","2022","American International","Yellow Jackets","AIC","American International Yellow Jackets","American Int'l","000000","","","","","","","","","","","",""
"27","44","American University","Eagles","AMER","American University Eagles","American","c41130","c8102e","318","Bender Arena","Washington","DC","6","Patriot","american","13","8","6","2"
"28","2023","Anderson (IN)","Ravens","AND","Anderson (IN) Ravens","ANDERSON IN","000000","","","","","","","","anderson-in","","","",""
"29","380","Anderson (SC)","Trojans","ANDERSC","Anderson (SC) Trojans","Anderson SC","000000","","","","","","","","anderson-sc","","","",""
"30","128343","Andrews University","Cardinals","AND","Andrews University Cardinals","Andrews Univer","","","","","","","","","","","","",""
"31","2025","Angelo State","Rams","ANG","Angelo State Rams","Angelo State","000000","","691","Junell Center/Stephens Arena","San Angelo","TX","","","angelo-st","","","",""
"32","109597","Antelope Valley","Antelope Valley","ANTEL","Antelope Valley","ANTELOPE","","","","","","","","","","","","",""
"33","2026","App State","Mountaineers","APP","App State Mountaineers","App State","000000","ffcd00","36","Holmes Convocation Center","Boone","NC","7","Sun Belt","","13","9","6","4"
"34","3111","Apprentice School","Builders","APPRE","Apprentice School Builders","Apprentice","000000","","","","","","","","","","","",""
"35","486","Aquinas","Saints","AQU","Aquinas Saints","Aquinas","","","410","Sturrus Sports & Fitness Center","Grand Rapids","MI","","","","","","",""
"36","407","Arcadia","Arcadia","ARCAD","Arcadia","Arcadia","","","","","","","","","arcadia","","","",""
"37","12","Arizona","Wildcats","ARIZ","Arizona Wildcats","Arizona","0c234b","ab0520","8","McKale Memorial Center","Tucson","AZ","8","Big 12","arizona","21","0","8","0"
"38","9","Arizona State","Sun Devils","ASU","Arizona State Sun Devils","Arizona St","8e0c3a","ffc72c","203","Desert Financial Arena","Tempe","AZ","8","Big 12","arizona-st","11","9","2","5"
"39","8","Arkansas","Razorbacks","ARK","Arkansas Razorbacks","Arkansas","a41f35","ffffff","211","Bud Walton Arena","Fayetteville","AR","4","SEC","arkansas","15","5","5","2"
"40","2027","Arkansas Baptist","Buffaloes","ARBA","Arkansas Baptist Buffaloes","Ark Baptist","","","","","","","","","","","","",""
"41","2032","Arkansas State","Red Wolves","ARST","Arkansas State Red Wolves","Arkansas St","e81018","000000","131","First National Bank Arena","Jonesboro","AR","7","Sun Belt","arkansas-st","13","8","5","4"
"42","2033","Arkansas Tech","Wonder Boys","ARKTECH","Arkansas Tech Wonder Boys","Arkansas Tech","000000","","","","","","","","arkansas-tech","","","",""
"43","3157","Arkansas-Fort Smith","Lions","ARKAN","Arkansas-Fort Smith Lions","AR-Fort Smith","","","","","","","","","","","","",""
"44","2028","Arkansas-Monticello","Boll Weevils","ARKMONT","Arkansas-Monticello Boll Weevils","Ark-Monticello","000000","","","","","","","","","","","",""
"45","2029","Arkansas-Pine Bluff","Golden Lions","UAPB","Arkansas-Pine Bluff Golden Lions","AR-Pine Bluff","e0aa0f","eaaa00","229","H.O. Clemmons Arena","Pine Bluff","AR","5","SWAC","","","","",""
"46","3166","Arlington Baptist","Patriots","ARLIN","Arlington Baptist Patriots","Arlington Bpt","","","","","","","","","","","","",""
"47","349","Army","Black Knights","ARMY","Army Black Knights","Army","ce9c00","231f20","125","Christl Arena","West Point","NY","6","Patriot","army","","","",""
"48","2036","Asbury","Eagles","ASBUR","Asbury Eagles","Asbury","000000","","","","","","","","asbury","","","",""
"49","308","Ashland","Eagles","ASH","Ashland Eagles","Ashland","000000","","","","","","","","ashland","","","",""
"50","2","Auburn","Tigers","AUB","Auburn Tigers","Auburn","002b5c","f26522","209","Neville Arena","Auburn","AL","4","SEC","auburn","13","7","4","3"
"51","2040","Auburn-Montgomery","Senators","AUBMONT","Auburn-Montgomery Senators","Aub-Montgomery","","","","","","","","","aub-montgomery","","","",""
"52","2041","Augusta","Jaguars","AUGUS","Augusta Jaguars","Augusta","","","","","","","","","","","","",""
"53","2042","Augustana (IL)","Vikings","AUGIL","Augustana (IL) Vikings","Augustana IL","000000","","","","","","","","augustana-il","","","",""
"54","2044","Aurora","Spartans","AUR","Aurora Spartans","Aurora","00549f","000000","","","","","","","aurora","","","",""
"55","2045","Austin","'Roos","AUS","Austin 'Roos","Austin","000000","","","","","","","","austin","","","",""
"56","2046","Austin Peay","Governors","APSU","Austin Peay Governors","Austin Peay","8e0b0b","","124","F&M Bank Arena","Clarksville","TN","9","ASUN","austin-peay","13","6","7","1"
"57","3178","Ave Maria","Gyrenes","AVE M","Ave Maria Gyrenes","Ave Maria","000000","","","","","","","","","","","",""
"58","2047","Averett","Cougars","AVE","Averett Cougars","Averett","012853","fdbb30","","","","","","","averett","","","",""
"59","2048","Avila","Eagles","AVILA","Avila Eagles","Avila","000000","","","","","","","","","","","",""
"60","2049","Azusa Pacific","Cougars","AP","Azusa Pacific Cougars","Azusa Pacific","000000","","","","","","","","azusa-pacific","","","",""
"136","252","BYU","Cougars","BYU","BYU Cougars","BYU","003da5","ffffff","204","Marriott Center","Provo","UT","8","Big 12","byu","17","3","5","2"
"137","2088","BYU-Hawaii","Seasiders","BYUHI","BYU-Hawaii Seasiders","BYU-Hawaii","","","500","George Q. Cannon Activities Center","Laie","HI","","","byu-hawaii","","","",""
"61","5308","Babson","Beavers","BABSO","Babson Beavers","Babson","","","","","","","","","babson","","","",""
"62","487","Bacone","Bacone","BACONE","Bacone","Bacone","","","","","","","","","","","","",""
"63","488","Baker University","Baker","BAK","Baker University Baker","Baker","000000","","","","","","","","","","","",""
"64","188","Baldwin Wallace","Yellow Jackets","BALW","Baldwin Wallace Yellow Jackets","Baldwin Wall","000000","","","","","","","","baldwin-wallace","","","",""
"65","2050","Ball State","Cardinals","BALL","Ball State Cardinals","Ball State","DA0000","ffffff","269","Worthen Arena","Muncie","IN","3","MAC","ball-st","","","",""
"66","132013","Baptist (Fl)","Eagles","BAP","Baptist (Fl) Eagles","Baptist (Fl)","","","","","","","","","","","","",""
"67","405","Baptist Bible","Baptist Bible (Pa)","BAPTI","Baptist Bible Baptist Bible (Pa)","Bapt Bible","","","","","","","","","","","","",""
"68","123312","Baptist Bible College (MO)","Patriots","BBCM","Baptist Bible College (MO) Patriots","Baptist (MO)","","","","","","","","","","","","",""
"69","489","Barber Scotia","Barber Scotia","BARBE","Barber Scotia","Barbr Scot","","","","","","","","","","","","",""
"70","111162","Barclay College","Bears","BAR","Barclay College Bears","Barclay","","","","","","","","","","","","",""
"71","66779","Bard College","Bard","BARD","Bard College Bard","Bard","","","","","","","","","bard","","","",""
"72","2053","Barry University","Buccaneers","BARRY","Barry University Buccaneers","Barry Univ","","","","","","","","","barry","","","",""
"73","2054","Barton","Bulldogs","BARTON","Barton Bulldogs","Barton","004684","000000","","","","","","","barton","","","",""
"74","2959","Baruch College","Baruch","BARUC","Baruch College Baruch","Baruch","","","","","","","","","baruch","","","",""
"75","239","Baylor","Bears","BAY","Baylor Bears","Baylor","154734","ffb81c","332","Foster Pavilion","Waco","TX","8","Big 12","baylor","11","8","1","6"
"76","2056","Belhaven","Blazers","BELHA","Belhaven Blazers","Belhaven","215732","f2a900","","","","","","","belhaven","","","",""
"77","91","Bellarmine","Knights","BELL","Bellarmine Knights","Bellarmine","000000","","299","Knights Hall","Louisville","KY","9","ASUN","bellarmine","7","13","2","6"
"78","2853","Bellevue University","Bruins","BELLE","Bellevue University Bruins","Bellevue Univ","","","","","","","","","","","","",""
"79","2057","Belmont","Bruins","BEL","Belmont Bruins","Belmont","182142","c9262d","101","Curb Event Center Arena","Nashville","TN","10","MVC","belmont","18","3","8","2"
"80","2058","Belmont Abbey","Crusaders","BELMONTAB","Belmont Abbey Crusaders","Belmont Abbey","b71234","b5b6b3","","","","","","","belmont-abbey","","","",""
"81","132","Bemidji State","Beavers","BST","Bemidji State Beavers","Bemidji St","000000","","","","","","","","bemidji-st","","","",""
"82","2059","Benedict","Tigers","BEN","Benedict Tigers","Benedict","000000","","","","","","","","benedict","","","",""
"83","110031","Benedictine (AZ)","Redhawks","BMA","Benedictine (AZ) Redhawks","BENMESA","","","","","","","","","","","","",""
"84","2283","Benedictine College (KS)","Ravens","BENC","Benedictine College (KS) Ravens","Benedictine KS","000000","","","","","","","","","","","",""
"85","491","Benedictine College (KS)","Ravens","BEKS","Benedictine College (KS) Ravens","Benedictine KS","ba0c2f","ffffff","","","","","","","","","","",""
"86","5345","Benedictine University (IL)","Eagles","BENILL","Benedictine University (IL) Eagles","Benedictne","","","","","","","","","benedictine-il","","","",""
"87","2061","Berea","Mountaineers","BEREA","Berea Mountaineers","Berea","000000","","","","","","","","berea","","","",""
"88","2757","Berry","Vikings","BER","Berry Vikings","Berry","","","","","","","","","berry","","","",""
"89","492","Bethany (KS)","Bethany (Ks)","BETHA","Bethany (KS) Bethany (Ks)","Bethany KS","000000","","","","","","","","","","","",""
"90","2062","Bethany (WV)","Bison","BETHWV","Bethany (WV) Bison","Bethany WV","000000","","","","","","","","bethany-wv","","","",""
"91","2982","Bethany College (CA)","Bruins","BET","Bethany College (CA) Bruins","Bethany (CA)","000000","","","","","","","","","","","",""
"92","122634","Bethel (IN)","Pilots","BTIN","Bethel (IN) Pilots","Bethel (IN)","","","","","","","","","","","","",""
"93","2064","Bethel (TN)","Wildcats","BETHTN","Bethel (TN) Wildcats","Bethel (TN)","000000","","","","","","","","","","","",""
"94","3246","Bethesda University","Flames","BTHD","Bethesda University Flames","Bethesda","","","","","","","","","","","","",""
"95","2065","Bethune-Cookman","Wildcats","BCU","Bethune-Cookman Wildcats","Bethune","7b1831","e9aa12","368","Moore Gymnasium (FL)","Daytona Beach","FL","5","SWAC","bethune-cookman","9","11","6","1"
"96","2066","Binghamton","Bearcats","BING","Binghamton Bearcats","Binghamton","00614A","f0f0f0","244","Events Center (Binghamton)","Binghamton","NY","11","Am. East","binghamton","4","18","0","7"
"97","2067","Biola","Eagles","BIO","Biola Eagles","BIOLA","","","","","","","","","biola","","","",""
"98","3","Birmingham-Southern","","","","","","","734","Bill Battle Coliseum","Birmingham","AL","","","","","","",""
"99","2069","Black Hills State","Yellow Jackets","BHST","Black Hills State Yellow Jackets","Black Hills","000000","","","","","","","","black-hills-st","","","",""
"100","2070","Blackburn","Beavers","BLACKBURN","Blackburn Beavers","Blackburn","000000","","","","","","","","blackburn","","","",""
"101","2854","Bloomfield","Deacons","BFC","Bloomfield Deacons","Bloomfield","","","","","","","","","bloomfield","","","",""
"102","2071","Bloomsburg","Huskies","BLMSB","Bloomsburg Huskies","Bloomsburg","000000","","","","","","","","bloomsburg","","","",""
"103","494","Blue Mountain","Toppers","BCM","Blue Mountain Toppers","Blue Mountain","","","","","","","","","","","","",""
"104","2073","Bluefield State","Big Blues","BLUEF","Bluefield State Big Blues","Bluefield St","","","","","","","","","bluefield-st","","","",""
"105","495","Bluefield University","Ramblin' Rams","BLU","Bluefield University Ramblin' Rams","Bluefield U","000000","","","","","","","","","","","",""
"106","2074","Bluffton","Beavers","BLUFFTON","Bluffton Beavers","Bluffton","46166a","ffffff","","","","","","","bluffton","","","",""
"107","3243","Bob Jones","Bruins","BOB","Bob Jones Bruins","Bob Jones","","","","","","","","","","","","",""
"108","68","Boise State","Broncos","BOIS","Boise State Broncos","Boise St","0033a0","fa4616","234","ExtraMile Arena","Boise","ID","2","Mountain West","boise-st","12","8","4","5"
"109","103","Boston College","Eagles","BC","Boston College Eagles","Boston College","8c2232","dbcca6","152","Conte Forum","Chestnut Hill","MA","12","ACC","boston-college","9","11","2","5"
"110","104","Boston University","Terriers","BU","Boston University Terriers","Boston U","cc0000","ffffff","104","Case Gym","Boston","MA","6","Patriot","boston-u","8","13","3","5"
"111","340","Bowdoin","Polar Bears","BOW","Bowdoin Polar Bears","Bowdoin","ffffff","000000","","","","","","","bowdoin","","","",""
"112","2075","Bowie State","Bulldogs","BOWIE","Bowie State Bulldogs","Bowie State","000000","","","","","","","","bowie-st","","","",""
"113","189","Bowling Green","Falcons","BGSU","Bowling Green Falcons","Bowling Green","2b1000","492000","278","Stroh Center","Bowling Green","OH","3","MAC","bowling-green","13","7","4","4"
"114","109700","Boyce","Bulldogs","BOY","Boyce Bulldogs","Boyce","","","","","","","","","","","","",""
"115","71","Bradley","Braves","BRAD","Bradley Braves","Bradley","b70002","c0c0c0","121","Carver Arena","Peoria","IL","10","MVC","bradley","14","8","7","4"
"116","5426","Brandeis","Judges","BRA","Brandeis Judges","BRANDEIS","","","","","","","","","brandeis","","","",""
"117","105","Brandeis University","Judges","BRA","Brandeis University Judges","Brandeis","","","","","","","","","brandeis","","","",""
"118","2855","Brescia","Bearcats","BRESC","Brescia Bearcats","Brescia","","","","","","","","","","","","",""
"119","2913","Brevard","Tornados","BRE","Brevard Tornados","Brevard","000000","","","","","","","","brevard","","","",""
"120","2077","Brewton-Parker","Wildcats","BREWT","Brewton-Parker Wildcats","Brewton-Parker","","","","","","","","","","","","",""
"121","3065","Briar Cliff","Chargers","BRICLIF","Briar Cliff Chargers","Briar Clff","","","","","","","","","","","","",""
"122","2079","Bridgewater College (VA)","Eagles","BRDVA","Bridgewater College (VA) Eagles","Bridgewater VA","990022","8d724b","","","","","","","","","","",""
"123","108782","Bristol","Bristol","BRIS","Bristol","BRIS","","","","","","","","","","","","",""
"124","225","Brown","Bears","BRWN","Brown Bears","Brown","411e09","949300","319","Pizzitola Sports Center","Providence","RI","13","Ivy","brown","7","11","1","4"
"125","2081","Bryan (TN)","Lions","BRTN","Bryan (TN) Lions","Bryan (TN)","","","","","","","","","","","","",""
"126","2803","Bryant","Bulldogs","BRY","Bryant Bulldogs","Bryant","000000","9f8343","123","Chace Athletic Center","Smithfield","RI","11","Am. East","bryant","6","14","2","4"
"127","131603","Bryant & Stratton","Bobcats","BRYS","Bryant & Stratton Bobcats","Bryant & Strat","","","","","","","","","","","","",""
"128","131761","Bryant & Stratton (Ohio)","Bobcats","B&SO","Bryant & Stratton (Ohio) Bobcats","Bryant Str OH","","","","","","","","","","","","",""
"129","109684","Bryn Athyn","Lions","BRYN","Bryn Athyn Lions","BRYN ATHYN","","","","","","","","","bryn-athyn","","","",""
"130","2083","Bucknell","Bison","BUCK","Bucknell Bison","Bucknell","000060","00316e","344","Sojka Pavilion","Lewisburg","PA","6","Patriot","bucknell","6","15","3","5"
"131","63","Buena Vista","Beavers","BUENA","Buena Vista Beavers","Buena Vista","feba12","001440","","","","","","","buena-vista","","","",""
"132","2084","Buffalo","Bulls","BUF","Buffalo Bulls","Buffalo","041A9B","ebebeb","284","Alumni Arena","Buffalo","NY","3","MAC","buffalo","13","7","3","5"
"133","2085","Buffalo State","Bengals","BUF","Buffalo State Bengals","Buffalo St","000000","","","","","","","","buffalo-st","","","",""
"134","3142","Bushnell","Beacons","BUSHNELL","Bushnell Beacons","Bushnell","","","","","","","","","","","","",""
"135","2086","Butler","Bulldogs","BUT","Butler Bulldogs","Butler","0d1361","00a3e0","40","Hinkle Fieldhouse","Indianapolis","IN","14","Big East","butler","13","7","4","5"
"274","2092","CS Dominguez Hills","Toros","CSDH","CS Dominguez Hills Toros","CS D Hills","","","","","","","","","","","","",""
"275","2863","CS Monterey Bay","Otters","CSMBAY","CS Monterey Bay Otters","CS Mnt Bay","000000","","","","","","","","","","","",""
"276","2536","CS San Bernardino","Cs San Bernardino","CAL S","CS San Bernardino Cs San Bernardino","CS San Brn","000000","","","","","","","","","","","",""
"277","49865","CSU Pueblo","Thunderwolves","CSTP","CSU Pueblo Thunderwolves","Col St Pueblo","","","","","","","","","","","","",""
"278","3182","CSU San Marcos","Cougars","CSSMAR","CSU San Marcos Cougars","San Marcos","","","","","","","","","","","","",""
"138","92","Cabrini","Cavaliers","CABRI","Cabrini Cavaliers","Cabrini","","","","","","","","","cabrini","","","",""
"139","3216","Cairn University","Highlanders","CAIRN","Cairn University Highlanders","Cairn","","","","","","","","","cairn","","","",""
"140","2094","Cal Lutheran","Kingsmen","CALLUTH","Cal Lutheran Kingsmen","CALLUTHERA","3b2361","fec223","","","","","","","cal-lutheran","","","",""
"141","500","Cal Maritime","Keelhaulers","CALMA","Cal Maritime Keelhaulers","Cal Maritime","000000","","","","","","","","","","","",""
"142","13","Cal Poly","Mustangs","CP","Cal Poly Mustangs","Cal Poly","1E4D2B","eed897","323","Mott Athletics Center","San Luis Obispo","CA","15","Big West","cal-poly","7","14","3","6"
"143","2914","Cal Poly Pomona","Broncos","CALPP","Cal Poly Pomona Broncos","Cal Ply Po","","","","","","","","","cal-poly-pomona","","","",""
"144","2934","Cal State Bakersfield","Roadrunners","CSUB","Cal State Bakersfield Roadrunners","Bakersfield","003BAB","","243","Icardo Center","Bakersfield","CA","15","Big West","","","","",""
"145","2093","Cal State East Bay","Pioneers","CSEB","Cal State East Bay Pioneers","Cal East Bay","","","","","","","","","cal-st-east-bay","","","",""
"146","2239","Cal State Fullerton","Titans","CSUF","Cal State Fullerton Titans","Fullerton","003767","ff8300","374","Titan Gym","Fullerton","CA","15","Big West","cal-st-fullerton","","","",""
"147","2345","Cal State LA","Golden Eagles","CALSTLA","Cal State LA Golden Eagles","Cal State LA","","","","","","","","","cal-st-la","","","",""
"148","2463","Cal State Northridge","Matadors","CSUN","Cal State Northridge Matadors","CSU Northridge","b50000","","351","Premier America Credit Union Arena","Northridge","CA","15","Big West","cal-st-northridge","","","",""
"149","2857","Caldwell","Cougars","CALDW","Caldwell Cougars","Caldwell","000000","","","","","","","","caldwell","","","",""
"150","25","California","Golden Bears","CAL","California Golden Bears","California","031522","ffc423","195","Haas Pavilion","Berkeley","CA","12","ACC","california","15","5","3","4"
"151","2856","California Baptist","Lancers","CBU","California Baptist Lancers","CA Baptist","000080","","189","Dale E. and Sarah Ann Fowler Events Center","Riverside","CA","1","WAC","california-baptist","15","6","5","3"
"152","110450","Caltech","Caltech","CALIF","Caltech","CALTECH","","","","","","","","","caltech","","","",""
"153","502","Calumet College","Crimson Wave","CALU","Calumet College Crimson Wave","Calumet","","","","","","","","","","","","",""
"154","111176","Calvary","Warriors","CAL","Calvary Warriors","CALV MO","","","","","","","","","","","","",""
"155","123366","Calvin University","Knights","CAL","Calvin University Knights","CALVIN","","","","","","","","","calvin","","","",""
"156","2096","Cameron","Aggies","CAMERON","Cameron Aggies","Cameron","000000","","","","","","","","cameron","","","",""
"157","2097","Campbell","Fighting Camels","CAM","Campbell Fighting Camels","Campbell","000000","","100","John W. Pope Jr. Convocation Center","Buies Creek","NC","16","CAA","campbell","9","12","3","5"
"158","2098","Campbellsville","Tigers","CMPBVIL","Campbellsville Tigers","Campbelsvl","","","","","","","","","","","","",""
"159","111921","Campbellsville-Harrodsburg","Pioneers","CBHD","Campbellsville-Harrodsburg Pioneers","Camp-Harrod","","","","","","","","","","","","",""
"160","2099","Canisius","Golden Griffins","CAN","Canisius Golden Griffins","Canisius","004a81","dda50f","302","Koessler Athletic Center","Buffalo","NY","17","MAAC","canisius","8","13","3","7"
"161","424","Capital","Crusaders","CAPITAL","Capital Crusaders","Capital","000000","","","","","","","","capital","","","",""
"162","2100","Cardinal Stritch","Wolves","CSTU","Cardinal Stritch Wolves","Card Stritch","","","327","Buccaneer Fieldhouse","Charleston","SC","","","","","","",""
"163","123313","Carlow","Celtics","CLW","Carlow Celtics","CARLOW","","","","","","","","","","","","",""
"164","2102","Carnegie Mellon","Tartans","CARNGMELL","Carnegie Mellon Tartans","Carng Mell","000000","","","","","","","","carnegie-mellon","","","",""
"165","128326","Carolina Christian College","Centurions","CAR","Carolina Christian College Centurions","Car Christian","","","","","","","","","","","","",""
"166","108942","Carolina University","Bruins","CARU","Carolina University Bruins","Carolina U","","","","","","","","","","","","",""
"167","2104","Carroll (MT)","Fighting Saints","CARROLLMT","Carroll (MT) Fighting Saints","Carroll MT","000000","","","","","","","","","","","",""
"168","2105","Carson-Newman","Eagles","CAR","Carson-Newman Eagles","Carson-Newman","f2682a","0c233f","","","","","","","carson-newman","","","",""
"170","111946","Carver College","Cougars","CARV","Carver College Cougars","Carver","","","","","","","","","","","","",""
"169","3117","Carver College","Cougars","CBC","Carver College Cougars","Carver","","","","","","","","","","","","",""
"171","2859","Cascade","Thunderbirds","CASCA","Cascade Thunderbirds","Cascade","","","","","","","","","","","","",""
"172","2963","Case Western Reserve","Spartans","CSR","Case Western Reserve Spartans","Case W Res","000000","","","","","","","","case","","","",""
"173","2107","Catawba","Chiefs","CAT","Catawba Chiefs","Catawba","0c233f","cb152f","","","","","","","catawba","","","",""
"174","2108","Catholic","Cardinals","CATH","Catholic Cardinals","Catholic","000000","","","","","","","","catholic","","","",""
"175","126955","Cazenovia College","Wildcats","CAZEN","Cazenovia College Wildcats","Cazenovia Coll","","","","","","","","","cazenovia","","","",""
"176","2109","Cedarville","Yellow Jackets","CEDAR","Cedarville Yellow Jackets","Cedarville","","","","","","","","","cedarville","","","",""
"177","2113","Centenary (LA)","Gents","","Centenary (LA) Gents","Centenary (LA)","","","606","Gold Dome (Centenary)","Shreveport","LA","","","centenary-la","","","",""
"178","2114","Centenary (NJ)","Cyclones","CENTENJ","Centenary (NJ) Cyclones","Centenary (NJ)","","","","","","","","","centenary-nj","","","",""
"179","2110","Central Arkansas","Bears","CARK","Central Arkansas Bears","C Arkansas","a7a9ac","8e959a","349","Farris Center","Conway","AR","9","ASUN","","","","",""
"180","3079","Central Baptist College","Mustangs","CTLBAP","Central Baptist College Mustangs","Cent Baptist","","","","","","","","","","","","",""
"181","112698","Central Christian College","Tigers","CEN","Central Christian College Tigers","CENTRALCHR","","","","","","","","","","","","",""
"182","2115","Central Connecticut","Blue Devils","CCSU","Central Connecticut Blue Devils","C Connecticut","1B49A2","d1d5d8","326","Detrick Gymnasium","New Britain","CT","18","NEC","","","","",""
"183","2860","Central Methodist","Eagles","CDF","Central Methodist Eagles","Cent Meth","000000","","","","","","","","","","","",""
"184","2117","Central Michigan","Chippewas","CMU","Central Michigan Chippewas","C Michigan","6a0032","ffc82e","256","McGuirk Arena","Mount Pleasant","MI","3","MAC","","","","",""
"185","2118","Central Missouri","Mules","CENTMIZZ","Central Missouri Mules","Cent MO","000000","","","","","","","","","","","",""
"186","3164","Central Penn","Knights","CENTR","Central Penn Knights","Central Penn","","","","","","","","","","","","",""
"187","2119","Central State (OH)","Marauders","CSO","Central State (OH) Marauders","Cent St OH","000000","","","","","","","","central-st-oh","","","",""
"188","2122","Central State Oklahoma","Bronchos","CENTOKLA","Central State Oklahoma Bronchos","Cent St OK","000000","","","","","","","","","","","",""
"189","2120","Central Washington","Wildcats","CENTWASH","Central Washington Wildcats","C Wash","000000","","","","","","","","","","","",""
"190","2121","Centre College","Colonels","CENTRE","Centre College Colonels","Centre Col","000000","","","","","","","","centre","","","",""
"191","2123","Chadron State","Eagles","CHADRONST","Chadron State Eagles","Chadron St","000000","","","","","","","","chadron-st","","","",""
"192","2124","Chaminade","Silverswords","CHAM","Chaminade Silverswords","Chaminade","000000","","397","Lahaina Civic Center","Maui","HI","","","chaminade","","","",""
"193","3134","Champion Christian","Tigers","CHAMP","Champion Christian Tigers","Champ Christian","","","","","","","","","","","","",""
"194","411","Chapman","Panthers","CHA","Chapman Panthers","Chapman","ab1d38","000000","","","","","","","chapman","","","",""
"195","232","Charleston","Cougars","COFC","Charleston Cougars","Charleston","7a2531","9e8959","275","TD Arena","Charleston","SC","16","CAA","","","","",""
"196","2127","Charleston Southern","Buccaneers","CHSO","Charleston Southern Buccaneers","Charleston So","2e3192","ded090","327","Buccaneer Fieldhouse","Charleston","SC","19","Big South","","11","11","2","5"
"197","2429","Charlotte","49ers","CLT","Charlotte 49ers","Charlotte","ffffff","cfab7a","134","Halton Arena","Charlotte","NC","20","American","charlotte","11","9","5","2"
"198","110412","Chatham University","Cougars","CHA","Chatham University Cougars","Chatham","","","","","","","","","chatham","","","",""
"199","236","Chattanooga","Mocs","UTC","Chattanooga Mocs","Chattanooga","00386b","dca71d","355","McKenzie Arena","Chattanooga","TN","21","SoCon","chattanooga","9","12","3","5"
"200","469","Chestnut Hill College","Griffins","CHE","Chestnut Hill College Griffins","CHESTNUT","","","","","","","","","chestnut-hill","","","",""
"201","2129","Cheyney (PA)","Wolves","CHEY","Cheyney (PA) Wolves","Cheyney (PA)","000000","","","","","","","","","","","",""
"202","80","Chicago","Maroons","CHI","Chicago Maroons","Chicago","000000","","","","","","","","chicago","","","",""
"203","2130","Chicago State","Cougars","CHST","Chicago State Cougars","Chicago St","006700","","312","Jones Convocation Center","Chicago","IL","18","NEC","chicago-st","2","19","0","8"
"204","14","Chico State","Wildcats","CSU","Chico State Wildcats","Chico State","","","","","","","","","chico-st","","","",""
"205","2804","Chowan","Hawks","CHOWA","Chowan Hawks","Chowan","000000","","","","","","","","chowan","","","",""
"206","111180","Christendom","Crusaders","CHR","Christendom Crusaders","Christendom","","","","","","","","","","","","",""
"207","2131","Christian Brothers","Buccaneers","CHRIS","Christian Brothers Buccaneers","Chrst Bros","","","","","","","","","","","","",""
"208","2132","Cincinnati","Bearcats","CIN","Cincinnati Bearcats","Cincinnati","000000","717073","14","Fifth Third Arena","Cincinnati","OH","8","Big 12","cincinnati","10","10","2","5"
"209","3093","Cincinnati Christian","Eagles","CNCU","Cincinnati Christian Eagles","Cin Christian","000000","","","","","","","","","","","",""
"210","108799","Cincinnati Clermont","Cougars","CNCL","Cincinnati Clermont Cougars","CINCYCLER","","","","","","","","","","","","",""
"211","170","City College NY","Beavers","CITY","City College NY Beavers","CC New York","","","","","","","","","","","","",""
"212","2133","Claflin","Panthers","CLAFLIN","Claflin Panthers","Claflin","","","","","","","","","claflin","","","",""
"213","2134","Clarion","Golden Eagles","CLARION","Clarion Golden Eagles","Clarion","000000","","","","","","","","clarion","","","",""
"215","3095","Clark (MA)","Cougars","CLMA","Clark (MA) Cougars","Clark (MA)","000000","","","","","","","","clark-ma","","","",""
"214","106","Clark (MA)","Cougars","CLARK","Clark (MA) Cougars","Clark (MA)","000000","","","","","","","","clark-ma","","","",""
"216","2805","Clark Atlanta","Panthers","CLK","Clark Atlanta Panthers","Clark Atl","000000","","","","","","","","clark-atlanta","","","",""
"217","109636","Clarks Summit","Defenders","CKST","Clarks Summit Defenders","Clarks Summit","","","","","","","","","","","","",""
"218","2137","Clarkson","Golden Knights","CLAR","Clarkson Golden Knights","Clarkson","","","","","","","","","clarkson","","","",""
"219","2861","Clayton State","Lakers","CLAY","Clayton State Lakers","Clayton State","","","","","","","","","clayton-st","","","",""
"220","3240","Clearwater Christian","Cougars","CLEAR","Clearwater Christian Cougars","CLEARWATER","","","","","","","","","","","","",""
"221","128438","Cleary University","Cougars","CLE","Cleary University Cougars","Cleary U","","","","","","","","","","","","",""
"222","228","Clemson","Tigers","CLEM","Clemson Tigers","Clemson","f56600","522d80","91","Littlejohn Coliseum","Clemson","SC","12","ACC","clemson","17","4","7","1"
"223","325","Cleveland State","Vikings","CLE","Cleveland State Vikings","Cleveland St","006633","231f20","217","Wolstein Center","Cleveland","OH","22","Horizon","cleveland-st","7","14","3","7"
"224","126954","Clinton College","Golden Bears","CLI","Clinton College Golden Bears","Clinton Colleg","","","","","","","","","","","","",""
"225","2557","Coast Guard","Bears","USCGA","Coast Guard Bears","Coast Guard","000000","","","","","","","","coast-guard","","","",""
"226","324","Coastal Carolina","Chanticleers","CCU","Coastal Carolina Chanticleers","Coastal Car","007073","876447","64","The HTC Center","Conway","SC","7","Sun Belt","","13","9","6","4"
"227","3189","Coastal Georgia","Mariner","CCGA","Coastal Georgia Mariner","Coastal GA","","","","","","","","","","","","",""
"228","2141","Coe","Kohawks","COE","Coe Kohawks","Coe","881922","c8934a","","","","","","","coe","","","",""
"229","229","Coker","Cobras","COKER","Coker Cobras","Coker","000000","","","","","","","","coker","","","",""
"230","33","Colby","White Mules","COLBY","Colby White Mules","Colby","012778","ffffff","","","","","","","colby","","","",""
"231","35","Colby-Sawyer","Chargers","COL","Colby-Sawyer Chargers","Colby-Sawy","","","","","","","","","colby-sawyer","","","",""
"232","2142","Colgate","Raiders","COLG","Colgate Raiders","Colgate","821019","ffffff","198","Cotterell Court","Hamilton","NY","6","Patriot","colgate","12","9","6","2"
"233","128256","College Of Biblical Studies","Ambassadors","CBS","College Of Biblical Studies Ambassadors","Biblical Stud","","","","","","","","","","","","",""
"234","108858","College Of Faith","Crusaders","FAI","College Of Faith Crusaders","FAITH","","","","","","","","","","","","",""
"237","111171","College Of New Rochelle","New Roch","COLLE","College Of New Rochelle New Roch","NEW ROCH","","","","","","","","","new-rochelle","","","",""
"235","3159","College of Idaho","Yotes","IDA","College of Idaho Yotes","Coll Idaho","","","","","","","","","","","","",""
"236","2442","College of New Jersey","Lions","CNJ","College of New Jersey Lions","Col Of Nj","154c7d","fbbc20","","","","","","","","","","",""
"238","38","Colorado","Buffaloes","COLO","Colorado Buffaloes","Colorado","000000","cfb87c","176","CU Events Center","Boulder","CO","8","Big 12","colorado","12","8","2","5"
"239","2862","Colorado Christian","Cougars","COLOR","Colorado Christian Cougars","Col Christian","000000","","","","","","","","","","","",""
"240","2144","Colorado College","Tigers","COLC","Colorado College Tigers","Colorado Coll","000000","","","","","","","","colorado-col","","","",""
"241","11","Colorado Mesa","Mavericks","MESA","Colorado Mesa Mavericks","Mesa State","000000","","","","","","","","colorado-mesa","","","",""
"242","2146","Colorado School Of Mines","Orediggers","COLOMINES","Colorado School Of Mines Orediggers","Colo Mines","000000","","","","","","","","colorado-mines","","","",""
"243","36","Colorado State","Rams","CSU","Colorado State Rams","Colorado St","1e4d2b","c8c372","178","Moby Arena","Fort Collins","CO","2","Mountain West","colorado-st","12","8","3","6"
"244","2145","Colorado-Colorado Springs","Mountain Lions","COLOCS","Colorado-Colorado Springs Mountain Lions","Col-ColSprings","000000","","","","","","","","","","","",""
"245","171","Columbia","Lions","COLU","Columbia Lions","Columbia","174785","004b85","297","Levien Gymnasium","New York","NY","13","Ivy","columbia","13","6","2","3"
"246","130401","Columbia College (SC)","Fighting Koalas","CLSC","Columbia College (SC) Fighting Koalas","Columbia (SC)","","","","","","","","","","","","",""
"247","3242","Columbia International","Rams","COLI","Columbia International Rams","Columbia Intl","","","","","","","","","","","","",""
"248","413","Columbus State","Cougars","COLUMST","Columbus State Cougars","Columbus State","","","","","","","","","columbus-st","","","",""
"249","2148","Concord","Mountain Lions","CONCORD","Concord Mountain Lions","Concord","000000","","","","","","","","concord","","","",""
"250","409","Concordia (WI)","Falcons","CONCWI","Concordia (WI) Falcons","Cncrdia WI","245699","b1b3b3","","","","","","","concordia-wi","","","",""
"251","3099","Concordia College (AL)","Clippers","CON","Concordia College (AL) Clippers","Concordia (AL)","","","","","","","","","","","","",""
"252","37","Concordia College (NY)","Clippers","CCD","Concordia College (NY) Clippers","Concordia (NY)","000000","","","","","","","","","","","",""
"253","2152","Concordia Moorhead","Cobbers","CONCOMN","Concordia Moorhead Cobbers","Cncrd Mhd","701d45","ffffff","","","","","","","","","","",""
"254","2150","Concordia Oregon","Cavaliers","CCO","Concordia Oregon Cavaliers","Concordia OR","","","","","","","","","","","","",""
"255","2985","Concordia-Ann Arbor","Cardinals","CONCMI","Concordia-Ann Arbor Cardinals","Concordia MI","000000","","","","","","","","","","","",""
"256","2151","Concordia-Chicago","Cougars","CONCOIL","Concordia-Chicago Cougars","Cncrdia CH","572a31","ffc72e","","","","","","","concordia-chicago","","","",""
"257","506","Concordia-Irvine","Eagles","CONCOCA","Concordia-Irvine Eagles","Concordia CA","","","","","","","","","concordia-irvine","","","",""
"258","507","Concordia-Nebraska","Clippers","CONCONE","Concordia-Nebraska Clippers","Concordia NE","","","","","","","","","","","","",""
"259","3066","Concordia-St. Paul","Golden Bears","CONCSTP","Concordia-St. Paul Golden Bears","Conc.-St. Paul","000000","","","","","","","","concordia-st-paul","","","",""
"260","2153","Concordia-Texas","Tornados","CONCOAUS","Concordia-Texas Tornados","Concordia TX","","","","","","","","","","","","",""
"261","39","Connecticut College","Camels","CONNE","Connecticut College Camels","Conn Coll","","","","","","","","","connecticut-col","","","",""
"262","124947","Converse University","Converse University","CONVE","Converse University","Converse","","","","","","","","","converse","","","",""
"263","2154","Coppin State","Eagles","COPP","Coppin State Eagles","Coppin St","2e3192","ffd204","298","Physical Education Complex","Baltimore","MD","23","MEAC","coppin-st","3","19","1","4"
"264","3106","Corban College","Warriors","CORB","Corban College Warriors","Corban","000000","","","","","","","","","","","",""
"265","172","Cornell","Big Red","COR","Cornell Big Red","Cornell","d60027","101010","60","Newman Arena","Ithaca","NY","13","Ivy","cornell","9","9","2","3"
"266","2155","Cornell College (IA)","Rams","CORNELLIA","Cornell College (IA) Rams","Cornell IA","000000","","","","","","","","","","","",""
"267","508","Cornerstone University","Golden Eagles","CORNE","Cornerstone University Golden Eagles","Cornerstone","","","","","","","","","","","","",""
"268","2782","Cortland","Red Dragons","CORTLAND","Cortland Red Dragons","Cortland","000000","","","","","","","","","","","",""
"269","2157","Covenant","Fighting Scots","COVENANT","Covenant Fighting Scots","Covenant","000000","","","","","","","","covenant","","","",""
"270","156","Creighton","Bluejays","CREI","Creighton Bluejays","Creighton","005ca9","6cadde","210","CHI Health Center Omaha","Omaha","NE","14","Big East","creighton","12","8","6","3"
"271","107738","Crossroads College","Knights","CRO","Crossroads College Knights","Crossroads","","","","","","","","","","","","",""
"272","3168","Crowley's Ridge","Pioneers","CROWL","Crowley's Ridge Pioneers","Crwlys Rdg","","","","","","","","","","","","",""
"273","509","Crown College","Polars","CRO","Crown College Polars","Crown","5c2f92","ffffff","","","","","","","crown-mn","","","",""
"279","510","Culver-Stockton","Wildcats","CULVE","Culver-Stockton Wildcats","Culver-Stk","000000","","","","","","","","","","","",""
"280","511","Cumberland (KY)","Patriots","CUMB","Cumberland (KY) Patriots","Cumberland (KY)","000000","","","","","","","","","","","",""
"281","2161","Cumberland (TN)","Bulldogs","CUMBTN","Cumberland (TN) Bulldogs","Cmbrlnd TN","000000","","","","","","","","","","","",""
"282","40","Curry College","Colonels","CUR","Curry College Colonels","Curry","65448b","ffffff","","","","","","","curry","","","",""
"283","126796","D'Youville","Saints","D'Y","D'Youville Saints","D'Youville","","","","","","","","","dyouville","","","",""
"284","512","Dakota State","Trojans","DAKO","Dakota State Trojans","Dakota St","000000","","","","","","","","","","","",""
"285","513","Dakota Wesleyan","Tigers","DAK","Dakota Wesleyan Tigers","Dakota Wes","000000","","","","","","","","","","","",""
"286","2163","Dallas","Crusaders","DALLAS","Dallas Crusaders","Dallas","","","","","","","","","dallas","","","",""
"287","2164","Dallas Baptist","Patriots","DBU","Dallas Baptist Patriots","Dallas Baptist","000000","","","","","","","","dallas-baptist","","","",""
"288","2937","Dallas Christian","Crusaders","DALLA","Dallas Christian Crusaders","Dall Christian","","","","","","","","","","","","",""
"289","3247","Dalton State","Roadrunners","DALTO","Dalton State Roadrunners","Dalton St","","","","","","","","","","","","",""
"290","515","Dana","Dana","DANA","Dana","Dana","","","","","","","","","","","","",""
"291","3119","Daniel Webster College","Fighting Scots","DANIE","Daniel Webster College Fighting Scots","Daniel Webster","","","","","","","","","daniel-webster","","","",""
"292","159","Dartmouth","Big Green","DART","Dartmouth Big Green","Dartmouth","005730","000000","70","Leede Arena","Hanover","NH","13","Ivy","dartmouth","9","9","3","2"
"293","3092","Davenport","Panthers","DAVEN","Davenport Panthers","Davenport","","","","","","","","","davenport","","","",""
"294","2166","Davidson","Wildcats","DAV","Davidson Wildcats","Davidson","000000","e51837","59","John M. Belk Arena","Davidson","NC","24","A-10","davidson","12","7","4","3"
"295","2167","Davis & Elkins","Senators","DVE","Davis & Elkins Senators","Davis & Elkins","","","","","","","","","davis-elkins","","","",""
"296","2168","Dayton","Flyers","DAY","Dayton Flyers","Dayton","004B8D","ffffff","76","UD Arena","Dayton","OH","24","A-10","dayton","14","6","5","2"
"305","305","DePaul","Blue Demons","DEP","DePaul Blue Demons","DePaul","2d649c","ce1125","141","Wintrust Arena","Chicago","IL","14","Big East","depaul","12","8","4","5"
"307","111949","DeSales","Bulldogs","DSLU","DeSales Bulldogs","DeSales","","","","","","","","","desales","","","",""
"297","110411","Dean College","Bulldogs","DEAN","Dean College Bulldogs","DEAN","","","","","","","","","dean-college","","","",""
"298","190","Defiance","Yellow Jackets","DEF","Defiance Yellow Jackets","Defiance","4e2d8a","ded27c","","","","","","","","","","",""
"299","48","Delaware","Blue Hens","DEL","Delaware Blue Hens","Delaware","033594","e8ce31","35","Bob Carpenter Center","Newark","DE","25","CUSA","delaware","5","14","1","7"
"300","2169","Delaware State","Hornets","DSU","Delaware State Hornets","Delaware St","FF3630","009cdd","336","Memorial Hall (DE)","Dover","DE","23","MEAC","delaware-st","5","15","0","5"
"301","2808","Delaware Valley","Aggies","DV","Delaware Valley Aggies","DE Valley","004c23","e6b71b","","","","","","","delaware-valley","","","",""
"302","2170","Delta State","Statesmen","DELTAST","Delta State Statesmen","Delta St","00753e","000000","","","","","","","delta-st","","","",""
"303","2171","Denison","Big Red","DENISON","Denison Big Red","Denison","000000","","","","","","","","denison","","","",""
"304","2172","Denver","Pioneers","DEN","Denver Pioneers","Denver","98002e","a8996e","268","Hamilton Gymnasium","Denver","CO","26","Summit","denver","9","13","2","5"
"306","83","Depauw","Tigers","DEP","Depauw Tigers","DePauw","000000","","","","","","","","depauw","","","",""
"308","2174","Detroit Mercy","Titans","DETM","Detroit Mercy Titans","Detroit Mercy","165b9e","d31733","47","Calihan Hall","Detroit","MI","22","Horizon","","8","12","5","6"
"309","2175","Dickinson (PA)","Red Devils","DIC","Dickinson (PA) Red Devils","Dicknsn PA","ed192d","000000","","","","","","","","","","",""
"310","316","Dickinson State (ND)","Blue Hawks","DKST","Dickinson State (ND) Blue Hawks","Dickinson St","000000","","","","","","","","","","","",""
"311","2176","Dillard","Blue Devils","DILLARD","Dillard Blue Devils","Dillard","000000","","","","","","","","","","","",""
"312","2177","District Of Columbia","Firebirds","DC","District Of Columbia Firebirds","U of DC","","","","","","","","","","","","",""
"313","2178","Doane","Tigers","DOANE","Doane Tigers","Doane","","","","","","","","","","","","",""
"314","2957","Dominican (CA)","Penguins","DOMIN","Dominican (CA) Penguins","Domnicn CA","","","","","","","","","dominican-ca","","","",""
"315","2936","Dominican (IL)","Stars","DOMIL","Dominican (IL) Stars","Domnicn IL","","","","","","","","","dominican-il","","","",""
"316","2179","Dominican (NY)","Chargers","DOMNY","Dominican (NY) Chargers","Domnicn NY","","","","","","","","","dominican-ny","","","",""
"317","2180","Dowling","Golden Lions","DOWLI","Dowling Golden Lions","Dowling","","","","","","","","","dowling","","","",""
"318","2181","Drake","Bulldogs","DRKE","Drake Bulldogs","Drake","005596","bec0c2","95","Knapp Center","Des Moines","IA","10","MVC","drake","11","10","5","5"
"319","2182","Drexel","Dragons","DREX","Drexel Dragons","Drexel","020260","ffd65a","33","Daskalakis Athletic Center","Philadelphia","PA","16","CAA","drexel","10","11","4","4"
"320","49","Dubuque","Spartans","DUB","Dubuque Spartans","Dubuque","000000","","","","","","","","dubuque","","","",""
"321","150","Duke","Blue Devils","DUKE","Duke Blue Devils","Duke","013088","ffffff","6","Cameron Indoor Stadium","Durham","NC","12","ACC","duke","19","1","8","0"
"322","2184","Duquesne","Dukes","DUQ","Duquesne Dukes","Duquesne","002D62","b90b2e","146","UPMC Cooper Fieldhouse","Pittsburgh","PA","24","A-10","duquesne","11","9","3","4"
"323","2201","E. New Mexico","Greyhounds","EASTERNNM","E. New Mexico Greyhounds","E New Mex","000000","","","","","","","","","","","",""
"324","2189","Earlham College","Quakers","EARLHAM","Earlham College Quakers","Earlham","000000","","","","","","","","earlham","","","",""
"325","151","East Carolina","Pirates","ECU","East Carolina Pirates","East Carolina","4b1869","f0907b","55","Minges Coliseum","Greenville","NC","20","American","east-carolina","6","14","1","6"
"326","2191","East Central (OK)","Tigers","ECTLOK","East Central (OK) Tigers","E Cent OK","000000","","","","","","","","","","","",""
"327","2193","East Tennessee State","Buccaneers","ETSU","East Tennessee State Buccaneers","ETSU","002d61","ffc423","72","Freedom Hall (TN)","Johnson City","TN","21","SoCon","","15","6","7","1"
"328","2837","East Texas A&M","Lions","ETAM","East Texas A&M Lions","East Texas A&M","000000","","348","The Field House","Commerce","TX","27","Southland","","8","12","3","7"
"329","2194","East Texas Baptist","Tigers","ETXBAP","East Texas Baptist Tigers","E TX Bapt","002b44","e0ad13","","","","","","","","","","",""
"330","3107","East-West University","Phantoms","EAS","East-West University Phantoms","East-West","","","","","","","","","","","","",""
"331","2197","Eastern Illinois","Panthers","EIU","Eastern Illinois Panthers","E Illinois","000000","bebab9","230","Groniger Arena","Charleston","IL","28","OVC","","","","",""
"332","2198","Eastern Kentucky","Colonels","EKU","Eastern Kentucky Colonels","E Kentucky","660819","f0f0f0","441","Baptist Health Arena","Richmond","KY","9","ASUN","","","","",""
"333","2192","Eastern Mennonite","Royals","EMENNO","Eastern Mennonite Royals","E Menonite","","","","","","","","","","","","",""
"334","2199","Eastern Michigan","Eagles","EMU","Eastern Michigan Eagles","E Michigan","00331b","f0f0f0","265","Gervin GameAbove Center","Ypsilanti","MI","3","MAC","","","","",""
"335","412","Eastern Nazarene","Lions","ENAZARENE","Eastern Nazarene Lions","E Nazarene","","","","","","","","","","","","",""
"336","2202","Eastern Oregon","Mountaineers","EOR","Eastern Oregon Mountaineers","E Oregon","000000","","","","","","","","","","","",""
"337","2196","Eastern University (PA)","Eagles","EASTERNPA","Eastern University (PA) Eagles","Eastern","","","","","","","","","","","","",""
"338","331","Eastern Washington","Eagles","EWU","Eastern Washington Eagles","E Washington","a10022","abb4bc","236","Reese Court","Cheney","WA","29","Big Sky","","","","",""
"339","3120","Ecclesia","Royals","ECCLE","Ecclesia Royals","Ecclesia","","","","","","","","","","","","",""
"340","2204","Eckerd","Tritons","ECKERD","Eckerd Tritons","Eckerd","","","","","","","","","eckerd","","","",""
"341","2205","Edinboro","Fighting Scots","EDINBORO","Edinboro Fighting Scots","Edinboro","000000","","","","","","","","edinboro","","","",""
"342","2206","Edward Waters","Tigers","EDW","Edward Waters Tigers","Edward Waters","000000","","","","","","","","edward-waters","","","",""
"343","2207","Elizabeth City State","Vikings","ELI","Elizabeth City State Vikings","Elizabeth","000000","","","","","","","","elizabeth-city-st","","","",""
"344","5901","Elizabethtown","Blue Jays","ELZ","Elizabethtown Blue Jays","ELIZBTHTON","","","","","","","","","elizabethtown","","","",""
"345","72","Elmhurst","Blue Jays","ELM","Elmhurst Blue Jays","Elmhurst","000000","","","","","","","","elmhurst","","","",""
"346","347","Elmira","Soaring Eagles","ELMIR","Elmira Soaring Eagles","Elmira","000000","","","","","","","","elmira","","","",""
"347","111948","Elms College","Blazers","ELM","Elms College Blazers","Elms College","","","","","","","","","elms","","","",""
"348","2210","Elon","Phoenix","ELON","Elon Phoenix","Elon","020303","b59a57","311","Schar Center","Elon","NC","16","CAA","elon","12","9","4","4"
"350","111226","Embry-Riddle (AZ)","Eagles","EMB","Embry-Riddle (AZ) Eagles","Embry-Riddle","","","","","","","","","","","","",""
"349","111229","Embry-Riddle (AZ)","Eagles","ERAZ","Embry-Riddle (AZ) Eagles","Emb-Rid (AZ)","","","","","","","","","","","","",""
"351","520","Embry-Riddle (FL)","Eagles","EMBRY","Embry-Riddle (FL) Eagles","EMBRYRIDDL","","","","","","","","","embry-riddle-fl","","","",""
"352","108842","Emerson","Lions","EMER","Emerson Lions","EMERSON","","","","","","","","","emerson","","","",""
"353","2211","Emmanuel (MA)","Lions","EMMANMA","Emmanuel (MA) Lions","Emmanuel","","","","","","","","","emmanuel-ma","","","",""
"354","2212","Emory","Eagles","EMORY","Emory Eagles","Emory","000000","","","","","","","","emory","","","",""
"355","2213","Emory & Henry","Wasps","EMHEN","Emory & Henry Wasps","Emry & Hnr","1e376d","daad27","","","","","","","emory-henry","","","",""
"356","2214","Emporia St","Hornets","EMPORIAST","Emporia St Hornets","Emporia St","000000","","","","","","","","emporia-st","","","",""
"357","130199","Endicott College","Gulls","END","Endicott College Gulls","Endicott","","","","","","","","","endicott","","","",""
"358","2215","Erskine","Flying Fleet","ERSKINE","Erskine Flying Fleet","Erskine","701931","000000","","","","","","","erskine","","","",""
"359","101","Eureka","Red Devils","EUR","Eureka Red Devils","Eureka","960a2c","c09a05","","","","","","","eureka","","","",""
"360","2865","Evangel","Crusaders","EVA","Evangel Crusaders","Evangel","","","","","","","","","","","","",""
"361","339","Evansville","Purple Aces","EVAN","Evansville Purple Aces","Evansville","663399","ef6f00","296","Ford Center","Evansville","IN","10","MVC","evansville","5","15","1","8"
"362","2866","Evergreen State","Geoducks","EVERG","Evergreen State Geoducks","Evergreen","000000","","","","","","","","evergreen-st","","","",""
"369","2221","FDU Florham","Devils","FDUFLOR","FDU Florham Devils","FDU Florhm","003f87","a32638","","","","","","","fdu-florham","","","",""
"363","2217","Fairfield","Stags","FAIR","Fairfield Stags","Fairfield","000000","ebebeb","362","Leo D. Mahoney Arena","Fairfield","CT","17","MAAC","fairfield","13","9","5","6"
"364","161","Fairleigh Dickinson","Knights","FDU","Fairleigh Dickinson Knights","Fair Dickinson","72293c","28334a","253","Bogota Savings Bank Center","Hackensack","NJ","18","NEC","","","","",""
"365","2986","Fairmont St","Falcons","FAIRST","Fairmont St Falcons","Fairmnt St","000000","","","","","","","","fairmont-st","","","",""
"366","2218","Faith Baptist Bible","Force","FAITH","Faith Baptist Bible Force","Faith Bapt","","","","","","","","","","","","",""
"367","3149","Farmingdale State","Rams","FRMDL","Farmingdale State Rams","Farming","","","","","","","","","farmingdale-st","","","",""
"368","2220","Fayetteville St","Broncos","FAYVLST","Fayetteville St Broncos","Fayettvlle","000000","","","","","","","","fayetteville-st","","","",""
"370","128327","Felician","Golden Falcons","FEU","Felician Golden Falcons","Felician","","","","","","","","","felician","","","",""
"371","2222","Ferris State","Bulldogs","FRST","Ferris State Bulldogs","Ferris St","000000","","","","","","","","ferris-st","","","",""
"372","366","Ferrum","Panthers","FER","Ferrum Panthers","Ferrum","000000","c0a656","","","","","","","ferrum","","","",""
"373","2224","Findlay","Oilers","FINDLAY","Findlay Oilers","Findlay","000000","","","","","","","","findlay","","","",""
"374","524","Fisher College","Eagles","FISHE","Fisher College Eagles","Fisher","","","","","","","","","","","","",""
"375","2225","Fisk","Bulldogs","FISK","Fisk Bulldogs","Fisk","000000","","","","","","","","fisk","","","",""
"376","2228","Flagler","Saints","FLAGL","Flagler Saints","Flagler","000000","","","","","","","","flagler","","","",""
"377","57","Florida","Gators","FLA","Florida Gators","Florida","0021a5","fa4616","240","Stephen C. O'Connell Center","Gainesville","FL","4","SEC","florida","14","6","5","2"
"378","50","Florida A&M","Rattlers","FAMU","Florida A&M Rattlers","Florida A&M","F89728","00843d","392","Al Lawson Center","Tallahassee","FL","5","SWAC","florida-am","8","10","5","2"
"379","2226","Florida Atlantic","Owls","FAU","Florida Atlantic Owls","FAU","00447c","d31245","276","Eleanor R. Baldwin Arena","Boca Raton","FL","20","American","fla-atlantic","","","",""
"380","3244","Florida College","Falcons","FLACOL","Florida College Falcons","Fla Coll","","","","","","","","","","","","",""
"381","526","Florida Gulf Coast","Eagles","FGCU","Florida Gulf Coast Eagles","FGCU","00885a","076c3b","346","Alico Arena","Fort Myers","FL","9","ASUN","","8","13","2","6"
"382","2229","Florida International","Panthers","FIU","Florida International Panthers","FIU","091731","c5960c","353","Ocean Bank Convocation Center","Miami","FL","25","CUSA","","10","10","3","6"
"383","2227","Florida Memorial","Florida Memorial","FLAMEMRL","Florida Memorial","FL Memorial","000000","","","","","","","","","","","",""
"384","107730","Florida National","Conquistadors","FLORI","Florida National Conquistadors","Fla Natl","","","","","","","","","","","","",""
"385","51","Florida Southern","Moccasins","FLASOU","Florida Southern Moccasins","Florida So","","","","","","","","","","","","",""
"386","52","Florida State","Seminoles","FSU","Florida State Seminoles","Florida St","782f40","ceb888","81","Tucker Center","Tallahassee","FL","12","ACC","florida-st","8","12","1","6"
"387","53","Florida Tech","Panthers","FIT","Florida Tech Panthers","Fla Tech","000000","","","","","","","","florida-tech","","","",""
"388","459","Fontbonne","Griffins","FONTB","Fontbonne Griffins","Fontbonne","","","","","","","","","fontbonne","","","",""
"389","2230","Fordham","Rams","FOR","Fordham Rams","Fordham","830032","909090","340","Rose Hill Gym","Bronx","NY","24","A-10","fordham","10","10","1","6"
"390","2231","Fort Hays State","Tigers","FTHAYST","Fort Hays State Tigers","Ft Hays St","000000","","","","","","","","fort-hays-st","","","",""
"391","123362","Fort Lauderdale","Eagles","UFTL","Fort Lauderdale Eagles","FTLAUD","","","","","","","","","","","","",""
"392","2237","Fort Lewis","Skyhawks","FTLW","Fort Lewis Skyhawks","Fort Lewis","000000","","","","","","","","fort-lewis","","","",""
"393","2232","Fort Valley State","Wildcats","FTVALLEY","Fort Valley State Wildcats","Ft Vly St","f9bd0a","2a307f","","","","","","","fort-valley-st","","","",""
"394","126956","Framingham State","Rams","FRST","Framingham State Rams","Framingham St","","","","","","","","","framingham-st","","","",""
"395","230","Francis Marion","Patriots","FRANC","Francis Marion Patriots","Francs Mar","","","","","","","","","francis-marion","","","",""
"396","111170","Franciscan University","Barons","FRA","Franciscan University Barons","FRANCISCAN","","","","","","","","","franciscan","","","",""
"397","2233","Franklin","Grizzlies","FRANKLIN","Franklin Grizzlies","Franklin","1b295b","fdd106","","","","","","","franklin","","","",""
"398","144","Franklin Pierce","Ravens","FRA","Franklin Pierce Ravens","Frank Pierce","000000","","","","","","","","franklin-pierce","","","",""
"399","2902","Fredonia State","Blue Devils","FRE","Fredonia State Blue Devils","Fredonia St","","","","","","","","","fredonia-st","","","",""
"400","2915","Freed-Hardeman","Lions","FREHAR","Freed-Hardeman Lions","Freed-Hard","000000","","","","","","","","","","","",""
"401","2235","Fresno Pacific","Sunbirds","FRESNOPAC","Fresno Pacific Sunbirds","Fresno Pac","","","","","","","","","fresno-pacific","","","",""
"402","278","Fresno State","Bulldogs","FRES","Fresno State Bulldogs","Fresno St","c41230","13284c","289","Save Mart Center","Fresno","CA","2","Mountain West","fresno-st","9","11","3","6"
"403","128218","Friends University","Falcons","FRI","Friends University Falcons","Friends U","","","","","","","","","","","","",""
"404","341","Frostburg State","Bobcats","FRO","Frostburg State Bobcats","FROSTBURG","000000","","","","","","","","frostburg-st","","","",""
"405","231","Furman","Paladins","FUR","Furman Paladins","Furman","582c83","ffffff","379","Timmons Arena","Greenville","SC","21","SoCon","furman","14","7","5","3"
"406","417","Gallaudet","Bison","GALLAUDET","Gallaudet Bison","Gallaudet","000000","","","","","","","","gallaudet","","","",""
"407","367","Gannon","Golden Knights","GAN","Gannon Golden Knights","Gannon","000000","","","","","","","","gannon","","","",""
"408","2241","Gardner-Webb","Runnin' Bulldogs","GWEB","Gardner-Webb Runnin' Bulldogs","Gardner-Webb","c12535","909090","363","Paul Porter Arena","Boiling Springs","NC","19","Big South","gardner-webb","3","19","1","6"
"409","2242","Geneva","Golden Tornadoes","GENEVA","Geneva Golden Tornadoes","Geneva","000000","","","","","","","","geneva","","","",""
"410","415","George Fox","Bruins","GFU","George Fox Bruins","George Fox","002d62","c2a303","","","","","","","george-fox","","","",""
"411","2244","George Mason","Patriots","GMU","George Mason Patriots","George Mason","016600","ecb010","77","EagleBank Arena","Fairfax","VA","24","A-10","george-mason","18","2","6","1"
"412","45","George Washington","Revolutionaries","GW","George Washington Revolutionaries","G Washington","002843","e8d2a1","136","Charles E. Smith Center","Washington","DC","24","A-10","george-washington","13","7","4","3"
"413","46","Georgetown","Hoyas","GTWN","Georgetown Hoyas","Georgetown","110E42","001c58","226","Capital One Arena","Washington","DC","14","Big East","georgetown","10","10","2","7"
"414","2245","Georgetown College (KY)","Tigers","GTOWNCOLL","Georgetown College (KY) Tigers","G'Town Col","","","","","","","","","","","","",""
"415","61","Georgia","Bulldogs","UGA","Georgia Bulldogs","Georgia","ba0c2f","ffffff","110","Stegeman Coliseum","Athens","GA","4","SEC","georgia","16","4","4","3"
"416","2246","Georgia College","Bobcats","GEOCOLL","Georgia College Bobcats","GA College","","","","","","","","","georgia-college","","","",""
"417","290","Georgia Southern","Eagles","GASO","Georgia Southern Eagles","GA Southern","003775","f0f0f0","67","Hanner Fieldhouse","Statesboro","GA","7","Sun Belt","ga-southern","13","9","5","4"
"419","12758","Georgia Southwestern","Hurricanes","GEOSW","Georgia Southwestern Hurricanes","Georgia SW","","","","","","","","","","","","",""
"418","3068","Georgia Southwestern","Hurricanes","GASW","Georgia Southwestern Hurricanes","Georgia Southwestern","","","","","","","","","","","","",""
"420","2247","Georgia State","Panthers","GAST","Georgia State Panthers","Georgia St","1e539a","ebebeb","69","GSU Convocation Center","Atlanta","GA","7","Sun Belt","georgia-st","9","12","6","3"
"421","59","Georgia Tech","Yellow Jackets","GT","Georgia Tech Yellow Jackets","Georgia Tech","003057","b3a369","228","McCamish Pavilion","Atlanta","GA","12","ACC","georgia-tech","11","9","2","5"
"422","111179","Georgian Court","Lions","GEO","Georgian Court Lions","GA CT","","","","","","","","","georgian-court","","","",""
"423","2248","Gettysburg","Bullets","GETTY","Gettysburg Bullets","Gettysburg","000000","","","","","","","","gettysburg","","","",""
"424","2249","Glenville State","Pioneers","GLENVILLE","Glenville State Pioneers","Glenville","000000","","","","","","","","glenville-st","","","",""
"425","108859","Goldey-Beacom","Lightning","GOL","Goldey-Beacom Lightning","GOLDY","","","","","","","","","goldey-beacom","","","",""
"426","2250","Gonzaga","Bulldogs","GONZ","Gonzaga Bulldogs","Gonzaga","041e42","c8102e","316","McCarthey Athletic Center","Spokane","WA","30","WCC","gonzaga","21","1","9","0"
"427","111172","Gordon College","Fighting Scots","GRDN","Gordon College Fighting Scots","Gordon","","","","","","","","","gordon","","","",""
"428","3067","Goshen","Maple Leafs","GOSHE","Goshen Maple Leafs","Goshen","","","","","","","","","","","","",""
"429","2251","Goucher","Gophers","GOUCHER","Goucher Gophers","Goucher","000000","","","","","","","","goucher","","","",""
"430","2252","Grace","Lancers","GRACE","Grace Lancers","Grace","","","","","","","","","","","","",""
"431","3131","Grace Bible College","Tigers","GBC","Grace Bible College Tigers","Grace Bible","","","","","","","","","","","","",""
"432","126822","Grace Christian","Tigers","GRACE","Grace Christian Tigers","Grace Christia","","","","","","","","","","","","",""
"433","530","Graceland University","Jackets","GRC","Graceland University Jackets","Graceland","000000","","","","","","","","","","","",""
"434","2755","Grambling","Tigers","GRAM","Grambling Tigers","Grambling","ee8601","ffd10a","163","Fredrick C. Hobdy Assembly Center","Grambling","LA","5","SWAC","grambling","8","10","2","3"
"435","2253","Grand Canyon","Lopes","GCU","Grand Canyon Lopes","Grand Canyon","522398","ffffff","168","Global Credit Union Arena","Phoenix","AZ","2","Mountain West","grand-canyon","13","6","6","2"
"436","125","Grand Valley State","Lakers","GVSU","Grand Valley State Lakers","Grd Vly St","000000","","","","","","","","grand-valley-st","","","",""
"437","531","Great Falls","Argonauts","PROVMT","Great Falls Argonauts","Grt Falls","000000","","","","","","","","","","","",""
"438","2739","Green Bay","Phoenix","GB","Green Bay Phoenix","Green Bay","006633","ffffff","273","Resch Center","Ashwaubenon","WI","22","Horizon","green-bay","12","10","7","4"
"439","2256","Greensboro College","Pride","GRNSBORO","Greensboro College Pride","Greensboro","000000","","","","","","","","greensboro","","","",""
"440","2257","Greenville","Panthers","GRNVIL","Greenville Panthers","Greenville","f36917","000000","","","","","","","greenville","","","",""
"441","65","Grinnell","Pioneers","GRI","Grinnell Pioneers","Grinnell","000000","","","","","","","","grinnell","","","",""
"442","2258","Guilford","Quakers","GUILFORD","Guilford Quakers","Guilford","910028","dcddde","","","","","","","guilford","","","",""
"443","461","Gwynedd-Mercy","Griffins","GWY","Gwynedd-Mercy Griffins","Gwynedd-Mercy","","","","","","","","","gwynedd-mercy","","","",""
"444","162","Hamline","Pipers","HAM","Hamline Pipers","Hamline","98012e","ffffff","","","","","","","hamline","","","",""
"445","297","Hampden-Sydney","Tigers","HAM","Hampden-Sydney Tigers","Hampdn Syd","900028","a8b1b7","","","","","","","hampden-sydney","","","",""
"446","2261","Hampton","Pirates","HAMP","Hampton Pirates","Hampton","0067AC","","52","Convocation Center (VA)","Hampton","VA","16","CAA","hampton","10","11","4","4"
"447","533","Hannibal-LaGrange","Trojans","HNB","Hannibal-LaGrange Trojans","Hannibal","","","","","","","","","","","","",""
"448","2262","Hanover","Panthers","HANOVER","Hanover Panthers","Hanover","0b486d","990000","","","","","","","hanover","","","",""
"449","2810","Hardin-Simmons","Cowboys","HARDSIM","Hardin-Simmons Cowboys","Hardin-Sim","5b2d83","fec52f","","","","","","","hardin-simmons","","","",""
"450","2264","Harding","Bisons","HARDING","Harding Bisons","Harding","000000","","","","","","","","harding","","","",""
"451","534","Harris-Stowe State","Hornets","HARRI","Harris-Stowe State Hornets","Har-Stowe","","","","","","","","","","","","",""
"452","42","Hartford","Hawks","HART","Hartford Hawks","Hartford","D60008","000000","488","Chase Arena","West Hartford","CT","","","hartford","","","",""
"453","173","Hartwick","Hawks","HAR","Hartwick Hawks","Hartwick","000000","","","","","","","","hartwick","","","",""
"454","108","Harvard","Crimson","HARV","Harvard Crimson","Harvard","990000","dbdbdb","29","Lavietes Pavilion","Cambridge","MA","13","Ivy","harvard","10","9","3","2"
"455","535","Haskell","Jayhawks","HASKELL","Haskell Jayhawks","Haskell","000000","","","","","","","","","","","",""
"456","536","Hastings","Broncos","HASTINGS","Hastings Broncos","Hastings","","","","","","","","","","","","",""
"457","2265","Haverford","Fords","HAVERFORD","Haverford Fords","Haverford","000000","","","","","","","","haverford","","","",""
"458","62","Hawai'i","Rainbow Warriors","HAW","Hawai'i Rainbow Warriors","Hawai'i","003420","ffffff","288","Stan Sheriff Center","Honolulu","HI","15","Big West","hawaii","15","4","7","2"
"459","2267","Hawai'i Hilo","Vulcans","HWHILO","Hawai'i Hilo Vulcans","Haw-Hilo","","","","","","","","","hawaii-hilo","","","",""
"460","2269","Hawai'i Pacific","Sea Warriors","HAWAIIPAC","Hawai'i Pacific Sea Warriors","Hawaii Pac","","","","","","","","","hawaii-pacific","","","",""
"461","191","Heidelberg","Student Princes","HEI","Heidelberg Student Princes","Heidelberg","000000","","","","","","","","heidelberg","","","",""
"462","2271","Henderson State","Reddies","HENDERSON","Henderson State Reddies","Hendrsn St","000000","","","","","","","","henderson-st","","","",""
"463","418","Hendrix College","Warriors","HENDRIX","Hendrix College Warriors","Hendrix","","","","","","","","","hendrix","","","",""
"464","2272","High Point","Panthers","HPU","High Point Panthers","High Point","b0b7bc","ebebeb","222","Qubein Center","High Point","NC","19","Big South","high-point","18","4","6","1"
"465","2273","Hillsdale","Chargers","HILLSDALE","Hillsdale Chargers","Hillsdale","000000","","","","","","","","hillsdale","","","",""
"466","2274","Hiram","Terriers","HIRAM","Hiram Terriers","Hiram","000000","","","","","","","","hiram","","","",""
"467","3171","Hiwassee","Tigers","HIWAS","Hiwassee Tigers","Hiwassee","","","","","","","","","","","","",""
"468","174","Hobart College","Statesmen","HBRT","Hobart College Statesmen","Hobart","000000","","","","","","","","hobart","","","",""
"469","2275","Hofstra","Pride","HOF","Hofstra Pride","Hofstra","00337c","f6c934","27","David S. Mack Sports and Exhibition Complex","Hempstead","NY","16","CAA","hofstra","13","8","4","4"
"470","107","Holy Cross","Crusaders","HC","Holy Cross Crusaders","Holy Cross","0a0a0a","080808","378","Hart Center","Worcester","MA","6","Patriot","holy-cross","8","13","3","5"
"471","3187","Holy Cross","Saints","HOL","Holy Cross Saints","Holy Cross IN","","","","","","","","","holy-cross","8","13","3","5"
"472","103524","Holy Cross College (IN)","Saints","HCC","Holy Cross College (IN) Saints","Holy Cross Col","","","","","","","","","","","","",""
"473","420","Holy Family University","Tigers","HFM","Holy Family University Tigers","Holy Family","","","","","","","","","holy-family","","","",""
"474","2868","Holy Names University","Hawks","HOLY","Holy Names University Hawks","Holy Names","000000","","","","","","","","holy-names","","","",""
"475","108854","Hood College","Blazers","HOOD","Hood College Blazers","Hood College","","","","","","","","","hood","","","",""
"476","2812","Hope","Flying Dutchmen","HOP","Hope Flying Dutchmen","Hope","000000","","","","","","","","hope","","","",""
"477","3091","Hope International","Royals","HOPE","Hope International Royals","Hope Intl","000000","","","","","","","","","","","",""
"478","538","Houghton","Highlanders","HOUGH","Houghton Highlanders","Houghton","000000","","","","","","","","houghton","","","",""
"479","248","Houston","Cougars","HOU","Houston Cougars","Houston","c92a39","ffffff","3","Fertitta Center","Houston","TX","8","Big 12","houston","17","2","5","1"
"480","2277","Houston Christian","Huskies","HCU","Houston Christian Huskies","Hou Christian","00539c","","138","Sharp Gymnasium","Houston","TX","27","Southland","houston-christian","7","13","3","8"
"481","47","Howard","Bison","HOW","Howard Bison","Howard","003a63","e51937","325","Burr Gymnasium","Washington","DC","23","MEAC","howard","12","9","2","3"
"482","2758","Howard Payne","Yellow Jackets","HOWPAY","Howard Payne Yellow Jackets","Hwrd Payne","02215b","b5985b","","","","","","","howard-payne","","","",""
"483","6183","Humboldt State","Lumberjacks","HMBLDTST","Humboldt State Lumberjacks","Humboldt","","","","","","","","","humboldt-st","","","",""
"484","2938","Huntingdon College (AL)","Hawks","HNTNGDN","Huntingdon College (AL) Hawks","Hunting AL","000000","","","","","","","","","","","",""
"485","2279","Huntington (IN)","Foresters","HUNT","Huntington (IN) Foresters","Hunting IN","","","","","","","","","","","","",""
"486","2280","Husson","Eagles","HUSSON","Husson Eagles","Husson","004b44","b09a5f","","","","","","","husson","","","",""
"487","2281","Huston-Tillotson","Rams","HUSTONTIL","Huston-Tillotson Rams","Huston Til","000000","","688","Mary E. Branch Gymnasium","Austin","TX","","","","","","",""
"514","130262","IU Columbus","Crimson Pride","IUC","IU Columbus Crimson Pride","IU Columbus","","","","","","","","","","","","",""
"515","85","IU Indianapolis","Jaguars","IUIN","IU Indianapolis Jaguars","IU Indy","A81F30","d59f0f","19","Corteva Coliseum","Indianapolis","IN","22","Horizon","","6","16","2","9"
"488","70","Idaho","Vandals","IDHO","Idaho Vandals","Idaho","000000","8c6e4a","172","ICCU Arena","Moscow","ID","29","Big Sky","idaho","12","8","4","3"
"489","304","Idaho State","Bengals","IDST","Idaho State Bengals","Idaho St","ef8c00","e9a126","329","ICCU Dome","Pocatello","ID","29","Big Sky","idaho-st","10","11","3","5"
"490","356","Illinois","Fighting Illini","ILL","Illinois Fighting Illini","Illinois","ff5f05","13294b","149","State Farm Center","Champaign","IL","31","Big Ten","illinois","17","3","8","1"
"491","2286","Illinois College","Blueboys","ILLCOLL","Illinois College Blueboys","Ill Coll","000000","","","","","","","","illinois-col","","","",""
"492","2287","Illinois State","Redbirds","ILST","Illinois State Redbirds","Illinois St","CE1126","ffe716","120","CEFCU Arena","Normal","IL","10","MVC","illinois-st","14","7","6","4"
"493","73","Illinois Tech","Scarlet Hawks","ILLTECH","Illinois Tech Scarlet Hawks","Illinois Tech","","","","","","","","","iit","","","",""
"494","306","Illinois Wesleyan","Titans","ILLWES","Illinois Wesleyan Titans","Ill Weslyn","000000","","","","","","","","","","","",""
"495","542","Illinois-Springfield","Prairie Stars","ILLSPR","Illinois-Springfield Prairie Stars","Ill-Springfld","000000","","","","","","","","","","","",""
"496","107554","Immaculata","Mighty Macs","IMM","Immaculata Mighty Macs","Immaculata","","","","","","","","","immaculata","","","",""
"497","2916","Incarnate Word","Cardinals","UIW","Incarnate Word Cardinals","Incarnate Word","000000","080808","267","McDermott Center","San Antonio","TX","27","Southland","incarnate-word","","","",""
"498","84","Indiana","Hoosiers","IU","Indiana Hoosiers","Indiana","990000","edebeb","212","Simon Skjodt Assembly Hall","Bloomington","IN","31","Big Ten","indiana","13","7","4","5"
"499","282","Indiana State","Sycamores","INST","Indiana State Sycamores","Indiana St","00669a","f0f0f0","250","Hulman Center","Terre Haute","IN","10","MVC","indiana-st","9","12","2","8"
"500","3069","Indiana Tech","Warriors","INDIA","Indiana Tech Warriors","Ind Tech","","","","","","","","","","","","",""
"501","3138","Indiana University East","Indiana-East","INDIA","Indiana University East Indiana-East","Iueast","","","","","","","","","","","","",""
"502","3088","Indiana University Northwest","Indiana-Northwest","INDIA","Indiana University Northwest Indiana-Northwest","Indiana Nw","","","","","","","","","","","","",""
"503","2290","Indiana Wesleyan","Wildcats","INWESL","Indiana Wesleyan Wildcats","Ind Weslyn","000000","","","","","","","","","","","",""
"504","3192","Indiana-Kokomo","Cougars","INDIA","Indiana-Kokomo Cougars","Indiana-Kokomo","","","","","","","","","","","","",""
"505","2291","Indiana-Pennsylvania","Crimson Hawks","INDIANAPA","Indiana-Pennsylvania Crimson Hawks","Indiana PA","000000","","","","","","","","","","","",""
"506","2288","Indiana-South Bend","Titans","INSBEND","Indiana-South Bend Titans","Indiana-SB","000000","","","","","","","","","","","",""
"507","387","Indiana-Southeast","Grenadiers","INDIANASE","Indiana-Southeast Grenadiers","Indiana SE","000000","","","","","","","","","","","",""
"508","2292","Indianapolis","Greyhounds","INDY","Indianapolis Greyhounds","Indnapolis","000000","","","","","","","","indianapolis","","","",""
"509","314","Iona","Gaels","IONA","Iona Gaels","Iona","6f2c3e","f0ab00","341","Hynes Athletics Center","New Rochelle","NY","17","MAAC","iona","14","8","6","5"
"510","2294","Iowa","Hawkeyes","IOWA","Iowa Hawkeyes","Iowa","000000","fcd116","144","Carver-Hawkeye Arena","Iowa City","IA","31","Big Ten","iowa","14","5","4","4"
"511","66","Iowa State","Cyclones","ISU","Iowa State Cyclones","Iowa State","822433","fdca2f","4","Hilton Coliseum","Ames","IA","8","Big 12","iowa-st","","","",""
"512","2295","Iowa Wesleyan","Tigers","IOW","Iowa Wesleyan Tigers","Iowa Wesleyan","000000","","","","","","","","iowa-wesleyan","","","",""
"513","175","Ithaca College","Bombers","ITH","Ithaca College Bombers","Ithaca","000000","","","","","","","","ithaca","","","",""
"516","2296","Jackson State","Tigers","JKST","Jackson State Tigers","Jackson St","123297","b5b7ba","442","Lee E. Williams Athletics and Assembly Center","Jackson","MS","5","SWAC","jackson-st","6","14","5","2"
"517","294","Jacksonville","Dolphins","JAX","Jacksonville Dolphins","Jacksonville","00523e","","58","Swisher Gymnasium","Jacksonville","FL","9","ASUN","jacksonville","8","13","3","5"
"518","55","Jacksonville State","Gamecocks","JVST","Jacksonville State Gamecocks","Jax State","b50500","b5b7ba","23","Pete Mathews Coliseum","Jacksonville","AL","25","CUSA","jacksonville-st","","","",""
"519","256","James Madison","Dukes","JMU","James Madison Dukes","James Madison","450084","b5a068","66","Atlantic Union Bank Center","Harrisonburg","VA","7","Sun Belt","james-madison","10","11","3","6"
"520","2939","Jamestown","Jimmies","JAM","Jamestown Jimmies","Jamestown","000000","","","","","","","","","","","",""
"521","2299","Jarvis Christian","Bulldogs","JAR","Jarvis Christian Bulldogs","Jarvis Christ","000000","","","","","","","","","","","",""
"522","3078","Jessup University","Warriors","JES","Jessup University Warriors","Jessup","000000","","","","","","","","jessup","","","",""
"523","2301","John Brown","Golden Eagles","JBROWN","John Brown Golden Eagles","John Brown","","","","","","","","","","","","",""
"524","2302","John Carroll","Blue Streaks","JCARROL","John Carroll Blue Streaks","J Carroll","000000","","","","","","","","john-carroll","","","",""
"525","212","John Jay College","Bloodhounds","JOHN","John Jay College Bloodhounds","John Jay Col","","","","","","","","","","","","",""
"526","128336","John Melvin","Millers","JOH","John Melvin Millers","John Melvin","","","","","","","","","","","","",""
"527","118","Johns Hopkins University","Blue Jays","JHU","Johns Hopkins University Blue Jays","Johns Hopkins","000000","","","","","","","","johns-hopkins","","","",""
"528","3094","Johnson & Wales (CO)","Wildcats","JW","Johnson & Wales (CO) Wildcats","Joh. & Wales CO","000000","","","","","","","","","","","",""
"529","543","Johnson & Wales (FL)","Johnson & Wales (Fl)","JOHNSMIA","Johnson & Wales (FL) Johnson & Wales (Fl)","Jnsnwlfl","","","","","","","","","","","","",""
"530","3169","Johnson & Wales (NC)","Johnson & Wales (Nc)","JOHNS","Johnson & Wales (NC) Johnson & Wales (Nc)","Jwales","","","","","","","","","","","","",""
"531","353","Johnson & Wales (RI)","Griffins","JOHNS","Johnson & Wales (RI) Griffins","Johnson Wales","","","","","","","","","johnson-wales-ri","","","",""
"532","2304","Johnson C Smith","Golden Bulls","JCSMITH","Johnson C Smith Golden Bulls","J C Smith","000000","","","","","","","","johnson-c-smith","","","",""
"533","3239","Johnson University (TN)","Royals","JHSN","Johnson University (TN) Royals","Johnson (TN)","","","","","","","","","","","","",""
"534","3097","Johnson University Florida","Suns","FLORI","Johnson University Florida Suns","JohnsonFL","000000","","","","","","","","","","","",""
"535","546","Judson University","Eagles","JUD","Judson University Eagles","Judson","","","","","","","","","","","","",""
"536","246","Juniata College","Eagles","JUN","Juniata College Eagles","Juniata","031832","ac9c66","","","","","","","juniata","","","",""
"537","130183","Justice College","Lions","JUS","Justice College Lions","Justice","","","","","","","","","","","","",""
"538","126","Kalamazoo","Hornets","KAL","Kalamazoo Hornets","Kalamazoo","000000","","","","","","","","kalamazoo","","","",""
"539","2305","Kansas","Jayhawks","KU","Kansas Jayhawks","Kansas","0051ba","e8000d","1","Allen Fieldhouse","Lawrence","KS","8","Big 12","kansas","15","5","5","2"
"540","123410","Kansas Christian","Falcons","KCC","Kansas Christian Falcons","KS Christian","","","","","","","","","","","","",""
"541","140","Kansas City","Roos","KC","Kansas City Roos","Kansas City","004b87","ffc72c","48","Swinney Center","Kansas City","MO","26","Summit","umkc","4","17","1","6"
"542","2306","Kansas State","Wildcats","KSU","Kansas State Wildcats","Kansas St","3c0969","e2e3e4","202","Bramlage Coliseum","Manhattan","KS","8","Big 12","kansas-st","10","10","1","6"
"543","2871","Kean","Cougars","KEAN","Kean Cougars","Kean","092f56","ffffff","","","","","","","kean","","","",""
"544","6304","Keene St","Owls","KEEN","Keene St Owls","Keene State","","","","","","","","","keene-st","","","",""
"545","313","Keene State","Owls","KEEN","Keene State Owls","Keene St.","","","","","","","","","keene-st","","","",""
"546","111912","Keiser","Seahawks","KSR","Keiser Seahawks","Keiser","","","","","","","","","","","","",""
"547","338","Kennesaw State","Owls","KENN","Kennesaw State Owls","Kennesaw St","fdbb30","000000","199","KSU Convocation Center","Kennesaw","GA","25","CUSA","kennesaw-st","12","8","4","5"
"548","2309","Kent State","Golden Flashes","KENT","Kent State Golden Flashes","Kent State","003976","efab00","277","M.A.C. Center","Kent","OH","3","MAC","kent-st","","","",""
"549","96","Kentucky","Wildcats","UK","Kentucky Wildcats","Kentucky","0033a0","ffffff","17","Rupp Arena","Lexington","KY","4","SEC","kentucky","14","6","5","2"
"550","3077","Kentucky Christian","Knights","KYCHR","Kentucky Christian Knights","KY Christian","000000","","","","","","","","","","","",""
"551","2310","Kentucky State","Thorobreds","KYSTATE","Kentucky State Thorobreds","Kentucky St","000000","","","","","","","","kentucky-st","","","",""
"552","2316","Kentucky Wesleyan","Panthers","KYWESL","Kentucky Wesleyan Panthers","KY Wesleyn","000000","","","","","","","","","","","",""
"553","352","Kenyon","Lords","KEN","Kenyon Lords","Kenyon","000000","","","","","","","","kenyon","","","",""
"554","6319","Keuka","Storm","KEU","Keuka Storm","KEUKA","","","","","","","","","keuka","","","",""
"555","2873","Keuka College","Warriors","KEU","Keuka College Warriors","Keuka","","","","","","","","","keuka","","","",""
"556","108860","Keystone","Giants","KEYC","Keystone Giants","Keystone","","","","","","","","","keystone","","","",""
"557","2312","King (TN)","Tornado","KINGU","King (TN) Tornado","King Coll","000000","","","","","","","","king-tn","","","",""
"558","247","Kings (PA)","Monarchs","KIN","Kings (PA) Monarchs","Kings PA","c41230","000000","","","","","","","kings-pa","","","",""
"559","255","Knox","Prairie Fire","KNO","Knox Prairie Fire","Knox","000000","","","","","","","","knox","","","",""
"560","2314","Knoxville","Bulldogs","KNOX","Knoxville Bulldogs","Knoxville","","","","","","","","","","","","",""
"608","6446","LIU Brooklyn","Liu Brooklyn","","LIU Brooklyn Liu Brooklyn","Liu Brooklyn","","","","","","","","","","","","",""
"624","99","LSU","Tigers","LSU","LSU Tigers","LSU","461d7c","fdd023","232","Pete Maravich Assembly Center","Baton Rouge","LA","4","SEC","lsu","13","7","1","6"
"625","108817","LSU Alexandria","Bull Terriers","LSUA","LSU Alexandria Bull Terriers","LSU Alexandria","","","673","The Fort","Alexandria","LA","","","","","","",""
"626","2353","LSU Shreveport","Pilots","LSUSHRVPT","LSU Shreveport Pilots","LSU Shreveport","000000","","","","","","","","","","","",""
"561","2918","La Grange","Panthers","LAG","La Grange Panthers","La Grange","","","","","","","","","lagrange","","","",""
"562","2874","La Roche","Redhawks","LAROC","La Roche Redhawks","La Roche","","","559","Kerr Fitness Center","Pittsburgh","PA","","","la-roche","","","",""
"563","2325","La Salle","Explorers","LAS","La Salle Explorers","La Salle","003356","ffce00","94","John Glaser Arena","Philadelphia","PA","24","A-10","la-salle","7","13","3","4"
"564","3167","La Sierra","Golden Eagles","LA SI","La Sierra Golden Eagles","La Sierra","","","","","","","","","la-sierra","","","",""
"565","2318","La Verne","Leopards","LAVERNE","La Verne Leopards","La Verne","004812","f89828","","","","","","","la-verne","","","",""
"567","548","LaGrange","Panthers","LAG","LaGrange Panthers","La Grange","000000","","","","","","","","lagrange","","","",""
"566","322","Lafayette","Leopards","LAF","Lafayette Leopards","Lafayette","790000","a59474","338","Kirby Sports Center","Easton","PA","6","Patriot","lafayette","5","16","2","6"
"568","437","Lake Erie","Storm","LAKEERIE","Lake Erie Storm","Lake Erie","000000","","","","","","","","lake-erie","","","",""
"569","262","Lake Forest","Foresters","LAK","Lake Forest Foresters","Lake For","000000","","","","","","","","lake-forest","","","",""
"570","285","Lake Superior State","Lakers","LSS","Lake Superior State Lakers","Lake Superior","000000","","","","","","","","lake-superior-st","","","",""
"571","267","Lakeland","Muskies","LAKEL","Lakeland Muskies","Lakeland","007dc3","ffc423","","","","","","","lakeland","","","",""
"572","2320","Lamar","Cardinals","LAM","Lamar Cardinals","Lamar","000000","ebebeb","133","Montagne Center","Beaumont","TX","27","Southland","lamar","","","",""
"573","2321","Lambuth","Eagles","LMB","Lambuth Eagles","Lambuth","000000","","","","","","","","lambuth","","","",""
"574","123306","Lancaster Bible College","Chargers","LBC","Lancaster Bible College Chargers","Lncstr Bible","","","","","","","","","lancaster-bible","","","",""
"575","2322","Lander","Senators","LANDER","Lander Senators","Lander","","","","","","","","","lander","","","",""
"576","6371","Lane College","Dragons","LANE","Lane College Dragons","Lane","","","","","","","","","lane","","","",""
"577","2324","Langston","Lions","LANGSTON","Langston Lions","Langston","","","","","","","","","langston","","","",""
"578","444","Lasell College","Lasers","LAS","Lasell College Lasers","Lasell College","","","","","","","","","","","","",""
"579","111168","Lawrence Tech","Blue Devils","LTC","Lawrence Tech Blue Devils","Lawrence Tech","","","","","","","","","","","","",""
"580","268","Lawrence University","Vikings","LAW","Lawrence University Vikings","Lawrence","000000","","","","","","","","lawrence","","","",""
"581","2330","Le Moyne","Dolphins","LEM","Le Moyne Dolphins","Le Moyne","","","220","Ted Grant Court","Syracuse","NY","18","NEC","le-moyne","11","10","6","2"
"587","2917","LeMoyne-Owen","Magicians","LEMOWE","LeMoyne-Owen Magicians","LeMoyne-Owen","","","","","","","","","lemoyne-owen","","","",""
"590","2326","LeTourneau","Yellow Jackets","LTRN","LeTourneau Yellow Jackets","LeTourneau","","","","","","","","","letourneau","","","",""
"582","388","Lebanon Valley","Flying Dutchmen","LEB","Lebanon Valley Flying Dutchmen","Lebanon Valley","003767","ffffff","","","","","","","lebanon-valley","","","",""
"583","2875","Lee","Flames","LEE U","Lee Flames","Lee","","","","","","","","","lee","","","",""
"584","2327","Lees-McRae","Bobcats","LEESMCRAE","Lees-McRae Bobcats","Lees-McRae","000000","","","","","","","","lees-mcrae","","","",""
"585","2329","Lehigh","Mountain Hawks","LEH","Lehigh Mountain Hawks","Lehigh","6c2b2a","b69e70","382","Stabler Arena","Bethlehem","PA","6","Patriot","lehigh","9","12","5","3"
"586","130190","Lehman College","Bridges","LEH","Lehman College Bridges","Lehman College","","","","","","","","","lehman","","","",""
"588","2331","Lenoir-Rhyne","Bears","LENRHYNE","Lenoir-Rhyne Bears","Len-Rhyne","000000","ffffff","","","","","","","lenoir-rhyne","","","",""
"589","477","Lesley University","Lynx","LZX","Lesley University Lynx","Lesley","","","","","","","","","lesley","","","",""
"591","2332","Lewis","Flyers","LEWIS","Lewis Flyers","Lewis","000000","","","","","","","","lewis","","","",""
"592","2333","Lewis & Clark","Pioneers","LEW","Lewis & Clark Pioneers","Lewis & Clark","f37737","000000","","","","","","","lewis-clark","","","",""
"593","2334","Lewis-Clark St","Warriors","LWCLKST","Lewis-Clark St Warriors","Lw & Cl St","000000","","","","","","","","","","","",""
"594","2335","Liberty","Flames","LIB","Liberty Flames","Liberty","071740","a61f21","339","Liberty Arena","Lynchburg","VA","25","CUSA","liberty","17","3","9","0"
"595","109670","Life Pacific","Warriors","LIF","Life Pacific Warriors","Life Pacific","","","","","","","","","","","","",""
"596","124721","Life University","Running Eagles","LIFE","Life University Running Eagles","Life Univ","","","","","","","","","","","","",""
"597","2336","Limestone","Saints","LIMESTONE","Limestone Saints","Limestone","19468d","fff607","","","","","","","limestone","","","",""
"598","2338","Lincoln","Lions","LIN","Lincoln Lions","Lincoln","000000","","","","","","","","","","","",""
"599","2876","Lincoln (MO)","Blue Tigers","LIN","Lincoln (MO) Blue Tigers","Lincoln MO","000000","","","","","","","","lincoln-mo","","","",""
"600","2339","Lincoln (PA)","Lions","LINCOLNPA","Lincoln (PA) Lions","Lincoln (PA)","000000","","","","","","","","lincoln-pa","","","",""
"601","111174","Lincoln Christian","Bulldogs","LICH","Lincoln Christian Bulldogs","Lincoln Christ","","","","","","","","","lincoln-christian","","","",""
"602","124946","Lincoln University (CA)","Oaklanders","LINCOLNCA","Lincoln University (CA) Oaklanders","Lincoln U (CA)","","","","","","","","","","","","",""
"603","2815","Lindenwood","Lions","LIN","Lindenwood Lions","Lindenwood","101820","B5A36A","248","Hyland Arena","Saint Charles","MO","28","OVC","lindenwood-mo","12","9","6","4"
"604","2877","Lindsey Wilson College","Blue Raiders","LIN","Lindsey Wilson College Blue Raiders","Lindsey Wilson","000000","","","","","","","","","","","",""
"605","203","Linfield College","Wildcats","LIN","Linfield College Wildcats","Linfield","46256a","d41e47","","","","","","","linfield","","","",""
"606","288","Lipscomb","Bisons","LIP","Lipscomb Bisons","Lipscomb","20366C","f6b734","305","Allen Arena","Nashville","TN","9","ASUN","lipscomb","14","7","7","1"
"607","2031","Little Rock","Trojans","LR","Little Rock Trojans","Little Rock","AD0000","898d8f","111","Jack Stephens Center","Little Rock","AR","28","OVC","ualr","9","11","6","3"
"609","2940","Livingstone","Blue Bears","LIVCOL","Livingstone Blue Bears","Lvingstne","000000","","","","","","","","livingstone","","","",""
"610","209","Lock Haven University","Bald Eagles","LHU","Lock Haven University Bald Eagles","Lock Haven","000000","","","","","","","","lock-haven","","","",""
"611","299","Long Beach State","Beach","LBSU","Long Beach State Beach","Long Beach St","000000","f1f2f3","190","Walter Pyramid","Long Beach","CA","15","Big West","long-beach-st","8","13","4","5"
"612","112358","Long Island University","Sharks","LIU","Long Island University Sharks","Long Island","50c9f7","ffbf00","293","Steinberg Wellness Center","Brooklyn","NY","18","NEC","long-island","","","",""
"613","2344","Longwood","Lancers","LONG","Longwood Lancers","Longwood","003273","9ea2a3","105","Joan Perry Brock Center","Farmville","VA","19","Big South","longwood","12","10","4","3"
"614","263","Loras","Duhawks","LOR","Loras Duhawks","Loras","452d7d","d2b888","","","","","","","loras","","","",""
"615","309","Louisiana","Ragin' Cajuns","UL","Louisiana Ragin' Cajuns","Louisiana","ce181e","ffffff","127","Cajundome","Lafayette","LA","7","Sun Belt","","5","16","3","6"
"616","2347","Louisiana Christian","Wildcats","LACOLLEGE","Louisiana Christian Wildcats","LA Christian","000000","","","","","","","","","","","",""
"617","2348","Louisiana Tech","Bulldogs","LT","Louisiana Tech Bulldogs","Louisiana Tech","002d65","d3313a","96","Thomas Assembly Center","Ruston","LA","25","CUSA","louisiana-tech","11","8","4","4"
"618","97","Louisville","Cardinals","LOU","Louisville Cardinals","Louisville","c9001f","000000","90","KFC Yum! Center","Louisville","KY","12","ACC","louisville","14","6","4","4"
"619","109671","Lourdes University","Gray Wolves","LOU","Lourdes University Gray Wolves","Lourdes","","","","","","","","","","","","",""
"620","2350","Loyola Chicago","Ramblers","LUC","Loyola Chicago Ramblers","Loyola Chicago","9d1244","","160","Gentile Arena","Chicago","IL","24","A-10","loyola-chicago","5","16","1","7"
"621","2352","Loyola Maryland","Greyhounds","L-MD","Loyola Maryland Greyhounds","Loyola MD","76a7a0","c9cbca","61","Reitz Arena","Baltimore","MD","6","Patriot","loyola-maryland","7","14","3","5"
"622","2351","Loyola Marymount","Lions","LMU","Loyola Marymount Lions","LMU","880029","00345b","183","Gersten Pavilion","Los Angeles","CA","30","WCC","loyola-marymount","","","",""
"623","100","Loyola New Orleans","Wolfpack","LOLA","Loyola New Orleans Wolfpack","Loyola (LA)","000000","","","","","","","","","","","",""
"627","2878","Lubbock Christian","Chaparrals","LUBCHR","Lubbock Christian Chaparrals","Lubbock Ch","000000","","","","","","","","lubbock-christian","","","",""
"628","67","Luther","Norse","LUT","Luther Norse","Luther","015a9c","a5bbda","","","","","","","luther","","","",""
"629","2354","Lycoming","Warriors","LYC","Lycoming Warriors","Lycoming","15283f","eaa22e","","","","","","","lycoming","","","",""
"630","2355","Lynchburg","Hornets","LYNCHBURG","Lynchburg Hornets","Lynchburg","","","","","","","","","lynchburg","","","",""
"631","2357","Lynn","Fighting Knights","LYNN","Lynn Fighting Knights","Lynn","","","","","","","","","lynn","","","",""
"632","2358","Lyon","Scots","LYON","Lyon Scots","Lyon","000000","","","","","","","","lyon","","","",""
"650","124851","MARIAN","Sabres","MAR","MARIAN Sabres","Marian","","","","","","","","","","","","",""
"733","109","MIT","Engineers","MIT","MIT Engineers","MIT","000000","","","","","","","","mit","","","",""
"765","2389","MSU Denver","Roadrunners","METRO","MSU Denver Roadrunners","Metro St","","","","","","","","","","","","",""
"634","273","MacMurray College","Highlanders","MAC","MacMurray College Highlanders","MacMurray College","000000","","","","","","","","macmurray","","","",""
"633","2359","Macalester","Scots","MACALES","Macalester Scots","Macalester","000000","","","","","","","","macalester","","","",""
"635","552","Madonna","Madonna","MADON","Madonna","Madonna","","","","","","","","","","","","",""
"636","311","Maine","Black Bears","ME","Maine Black Bears","Maine","127dbe","","214","The Pit in Memorial Gymnasium","Orono","ME","11","Am. East","maine","5","17","3","4"
"637","274","Maine Maritime","Mariners","MEMARI","Maine Maritime Mariners","Maine Mrtm","000000","","","","","","","","maine-maritime","","","",""
"638","126890","Maine-Augusta","Moose","MAI","Maine-Augusta Moose","Maine-Augusta","","","","","","","","","","","","",""
"639","287","Maine-Farmington","Highlanders","MAINE","Maine-Farmington Highlanders","Maine-Farm","000000","","","","","","","","","","","",""
"640","554","Maine-Fort Kent","Bengals","MEFK","Maine-Fort Kent Bengals","ME-Fort Kent","","","","","","","","","","","","",""
"641","555","Maine-Machias","Clippers","MM","Maine-Machias Clippers","ME-Machias","","","","","","","","","","","","",""
"642","2361","Maine-Presque Isle","Owls","UMPI","Maine-Presque Isle Owls","ME-Presque Isle","","","","","","","","","","","","",""
"643","556","Malone","Pioneers","MALONE","Malone Pioneers","Malone","000000","","","","","","","","malone","","","",""
"644","2362","Manchester","Spartans","MNCHSTR","Manchester Spartans","Manchester","ddac14","000000","","","","","","","manchester","","","",""
"645","2363","Manhattan","Jaspers","MAN","Manhattan Jaspers","Manhattan","4f8537","b5b7ba","335","Draddy Gymnasium","Riverdale","NY","17","MAAC","manhattan","8","14","4","7"
"646","131632","Manhattan Christian","Thunder","MCC","Manhattan Christian Thunder","Mnhttn Chrstn","","","","","","","","","","","","",""
"647","2879","Manhattanville","Valiants","MANHA","Manhattanville Valiants","Manhatnvll","","","","","","","","","manhattanville","","","",""
"648","130196","Manor College","Blue Jays","MAN","Manor College Blue Jays","Manor College","","","","","","","","","","","","",""
"649","2365","Mansfield","Mountaineers","MANSFIELD","Mansfield Mountaineers","Mansfield","000000","","","","","","","","mansfield","","","",""
"651","2366","Marian (IN)","Knights","MAR","Marian (IN) Knights","Marian (IN)","000000","","","","","","","","","","","",""
"652","317","Marietta","Pioneers","MAR","Marietta Pioneers","Marietta","000000","","","","","","","","marietta","","","",""
"653","2368","Marist","Red Foxes","MRST","Marist Red Foxes","Marist","e53730","f0f0f0","364","McCann Arena","Poughkeepsie","NY","17","MAAC","marist","13","7","7","4"
"654","269","Marquette","Golden Eagles","MARQ","Marquette Golden Eagles","Marquette","003366","ffcc00","12","Fiserv Forum","Milwaukee","WI","14","Big East","marquette","7","14","2","8"
"655","2369","Mars Hill","Mountain Lions","MARSHILL","Mars Hill Mountain Lions","Mars Hill","004b8d","efc814","","","","","","","mars-hill","","","",""
"656","276","Marshall","Thundering Herd","MRSH","Marshall Thundering Herd","Marshall","00ae42","be854c","49","Cam Henderson Center","Huntington","WV","7","Sun Belt","marshall","13","7","5","3"
"657","124942","Mary Baldwin","Fighting Squirrels","MARY","Mary Baldwin Fighting Squirrels","Mary Baldwin","","","","","","","","","mary-baldwin","","","",""
"658","2371","Mary Hardin-Baylor","Crusaders","MRYHRBAY","Mary Hardin-Baylor Crusaders","M Hrdn-Blr","492f92","fece1c","","","","","","","mary-hardin-baylor","","","",""
"659","2942","Mary Washington","Eagles","MARY","Mary Washington Eagles","Mary Wash","","","","","","","","","mary-washington","","","",""
"660","3098","Marygrove","Mustangs","MAR","Marygrove Mustangs","Marygrove","000000","","","","","","","","","","","",""
"661","120","Maryland","Terrapins","MD","Maryland Terrapins","Maryland","D5002B","ffcd00","86","XFINITY Center","College Park","MD","31","Big Ten","maryland","8","12","1","8"
"662","3135","Maryland Bible College","Eagles","MDBCS","Maryland Bible College Eagles","MD Bbl Col","","","","","","","","","","","","",""
"663","2379","Maryland Eastern Shore","Hawks","UMES","Maryland Eastern Shore Hawks","MD Eastern","5c2301","b5b7ba","303","Hytche Center","Princess Anne","MD","23","MEAC","","","","",""
"664","2372","Marymount (VA)","Saints","MARYMNTVA","Marymount (VA) Saints","Marymount","","","","","","","","","marymount-va","","","",""
"665","2373","Maryville College (TN)","Fighting Scots","MRYVILTN","Maryville College (TN) Fighting Scots","Maryville TN","000000","","","","","","","","","","","",""
"666","310","Maryville University (MO)","Maryville University (Mo)","MARYV","Maryville University (MO) Maryville University (Mo)","Marystl","","","","","","","","","maryville-mo","","","",""
"667","2374","Marywood","Pacers","MARYWOOD","Marywood Pacers","Marywood","000000","","","","","","","","marywood","","","",""
"668","113","Massachusetts","Minutemen","MASS","Massachusetts Minutemen","UMass","880007","","75","Mullins Center","Amherst","MA","3","MAC","massachusetts","13","8","4","5"
"669","343","Massachusetts College of Liberal Arts","Mohawks","MASSA","Massachusetts College of Liberal Arts Mohawks","MA Col LA","","","","","","","","","mcla","","","",""
"670","2660","Massachusetts-Boston","Beacons","MB","Massachusetts-Boston Beacons","UMass-Boston","","","","","","","","","","","","",""
"671","2375","Master's University","Mustangs","MAST","Master's University Mustangs","Masters U","000000","","","","","","","","","","","",""
"672","561","Mayville State","Comets","MAYVILLE","Mayville State Comets","Mayvlle St","000000","","","","","","","","","","","",""
"673","14632","McDaniel","Green Terror","MCD","McDaniel Green Terror","MCDANIEL","","","","","","","","","mcdaniel","","","",""
"674","110413","McGill","Martlets","MCGIL","McGill Martlets","MCGILL","","","","","","","","","","","","",""
"675","2816","McKendree","Bearcats","MAN","McKendree Bearcats","McKendree","000000","","","","","","","","mckendree","","","",""
"676","241","McMurry","War Hawks","MCM","McMurry War Hawks","McMurry","98002e","000000","","","","","","","mcmurry","","","",""
"677","2377","McNeese","Cowboys","MCN","McNeese Cowboys","McNeese","00529C","","260","Legacy Center","Lake Charles","LA","27","Southland","","16","4","9","2"
"678","562","McPherson","Mcpherson","MCPHE","McPherson Mcpherson","McPherson","000000","","","","","","","","","","","",""
"679","476","Medaille College","Mavericks","MED","Medaille College Mavericks","MEDAILLE","","","","","","","","","medaille","","","",""
"680","2380","Medgar Evers","Cougars","MDEV","Medgar Evers Cougars","Medgar Evers","","","","","","","","","medgar-evers","","","",""
"681","235","Memphis","Tigers","MEM","Memphis Tigers","Memphis","004991","8e908f","145","FedExForum","Memphis","TN","20","American","memphis","9","10","4","3"
"682","2381","Menlo","Oaks","MENLO","Menlo Oaks","Menlo","000000","","","","","","","","menlo","","","",""
"683","2382","Mercer","Bears","MER","Mercer Bears","Mercer","ff7f29","080808","246","Hawkins Arena","Macon","GA","21","SoCon","mercer","13","8","5","3"
"684","2383","Merchant Marine Academy","Mariners","MERCHMAR","Merchant Marine Academy Mariners","Merch Marn","000000","","","","","","","","","","","",""
"685","2384","Mercy","Mavericks","MERCY","Mercy Mavericks","Mercy","000000","","","","","","","","mercy","","","",""
"686","2385","Mercyhurst","Lakers","MERC","Mercyhurst Lakers","Mercyhurst","000000","","300","Mercyhurst Athletic Center","Erie","PA","18","NEC","mercyhurst","10","11","5","3"
"687","2771","Merrimack","Warriors","MRMK","Merrimack Warriors","Merrimack","2f4f93","e8c535","306","Hammel Court","North Andover","MA","17","MAAC","merrimack","13","9","9","2"
"688","2387","Messiah","Falcons","MESS","Messiah Falcons","MESSIAH","","","","","","","","","messiah","","","",""
"689","291","Methodist","Monarchs","MTH","Methodist Monarchs","Methodist","000000","","","","","","","","methodist","","","",""
"690","2390","Miami","Hurricanes","MIA","Miami Hurricanes","Miami","005030","f47321","80","Watsco Center","Coral Gables","FL","12","ACC","","","","",""
"691","193","Miami (OH)","RedHawks","M-OH","Miami (OH) RedHawks","Miami OH","a4000c","f0f0f0","295","Millett Hall","Oxford","OH","3","MAC","miami-oh","20","0","8","0"
"692","124809","Miami (OH)-Hamilton","Harriers","MIAMIUHAM","Miami (OH)-Hamilton Harriers","Miami-Hamilton","","","","","","","","","","","","",""
"693","126972","Miami (OH)-Middletown","ThunderHawks","MIAMID","Miami (OH)-Middletown ThunderHawks","Miami (Oh) - M","","","","","","","","","","","","",""
"694","130","Michigan","Wolverines","MICH","Michigan Wolverines","Michigan","00274c","ffcb05","148","Crisler Center","Ann Arbor","MI","31","Big Ten","michigan","18","1","8","1"
"695","127","Michigan State","Spartans","MSU","Michigan State Spartans","Michigan St","18453b","ffffff","63","Breslin Center","East Lansing","MI","31","Big Ten","michigan-st","18","2","8","1"
"696","2392","Michigan Tech","Huskies","MTU","Michigan Tech Huskies","Michigan Tech","000000","","","","","","","","michigan-tech","","","",""
"697","2391","Michigan-Dearborn","Wolves","MIDEAR","Michigan-Dearborn Wolves","Mich Drbrn","","","","","","","","","","","","",""
"698","3126","Mid-America Christian","Evangels","MIDACU","Mid-America Christian Evangels","Mid Am Chr","","","","","","","","","","","","",""
"699","108806","Mid-Atlantic Christian","Mustangs","MATYKL","Mid-Atlantic Christian Mustangs","Mid-Atlantic","","","657","Chesson Gym","Elizabeth City","NC","","","","","","",""
"700","564","Mid-Continent University","Mid-Continent","MID-C","Mid-Continent University Mid-Continent","Mid-Cont","","","","","","","","","","","","",""
"701","109014","Middle Georgia State","Knights","MID","Middle Georgia State Knights","Middle GA St.","","","","","","","","","","","","",""
"702","2393","Middle Tennessee","Blue Raiders","MTSU","Middle Tennessee Blue Raiders","MTSU","006db6","ffffff","20","Murphy Center","Murfreesboro","TN","25","CUSA","","","","",""
"703","2394","Middlebury","Panthers","MIDLBRY","Middlebury Panthers","Middlebury","365a8a","ffffff","","","","","","","middlebury","","","",""
"704","565","Midland University","Midland","MIDLAND","Midland University Midland","Mid Luthrn","000000","","","","","","","","","","","",""
"705","111166","Midway University","Eagles","MID","Midway University Eagles","Midway","","","","","","","","","","","","",""
"706","2395","Midwestern State","Mustangs","MID","Midwestern State Mustangs","MD West St","000000","","","","","","","","midwestern-st","","","",""
"707","2396","Miles","Golden Bears","MIL","Miles Golden Bears","Miles","000000","","","","","","","","miles","","","",""
"708","210","Millersville","Marauders","MIL","Millersville Marauders","Millersvll","000000","","","","","","","","millersville","","","",""
"709","2397","Milligan","Buffaloes","MILLI","Milligan Buffaloes","Milligan","000000","","","","","","","","","","","",""
"710","74","Millikin","Big Blue","MIL","Millikin Big Blue","Millikin","000000","","","","","","","","millikin","","","",""
"711","2398","Millsaps","Majors","MIL","Millsaps Majors","Millsaps","000000","","","","","","","","millsaps","","","",""
"712","270","Milwaukee","Panthers","MILW","Milwaukee Panthers","Milwaukee","000000","ffc20e","391","UW-Milwaukee Panther Arena","Milwaukee","WI","22","Horizon","milwaukee","9","13","5","6"
"713","110437","Milwaukee School Of Engineering","Raiders","MSOE","Milwaukee School Of Engineering Raiders","MSOE","","","","","","","","","msoe","","","",""
"714","135","Minnesota","Golden Gophers","MINN","Minnesota Golden Gophers","Minnesota","5e0a2f","fab41c","231","Williams Arena","Minneapolis","MN","31","Big Ten","minnesota","10","10","3","6"
"715","2772","Minnesota Crookston","Golden Eagles","MIN","Minnesota Crookston Golden Eagles","MN-Crooks","000000","","","","","","","","","","","",""
"716","134","Minnesota Duluth","Bulldogs","UMD","Minnesota Duluth Bulldogs","Minn Duluth","000000","","","","","","","","","","","",""
"717","2399","Minnesota Morris","Cougars","MNMOR","Minnesota Morris Cougars","MN-Morris","8d191b","e19c25","","","","","","","","","","",""
"718","568","Minot State","Beavers","MINOT","Minot State Beavers","Minot St","000000","","","","","","","","minot-st","","","",""
"719","111902","Misericordia","Cougars","MISC","Misericordia Cougars","MISERCORD","","","","","","","","","misericordia","","","",""
"720","2401","Mississippi College","Choctaws","MSCO","Mississippi College Choctaws","Miss College","0c2240","c89700","","","","","","","mississippi-col","","","",""
"721","344","Mississippi State","Bulldogs","MSST","Mississippi State Bulldogs","Mississippi St","5d1725","c1c6c8","109","Humphrey Coliseum","Starkville","MS","4","SEC","mississippi-st","10","10","2","5"
"722","126826","Mississippi University For Women","Owls","MSWO","Mississippi University For Women Owls","MS U for Women","","","","","","","","","","","","",""
"723","2400","Mississippi Valley State","Delta Devils","MVSU","Mississippi Valley State Delta Devils","Miss Valley St","005328","cf2d34","251","R.W. Harrison HPER Complex","Itta Bena","MS","5","SWAC","","","","",""
"724","142","Missouri","Tigers","MIZ","Missouri Tigers","Missouri","f1b82d","000000","286","Mizzou Arena","Columbia","MO","4","SEC","missouri","14","6","4","3"
"725","2880","Missouri Baptist","Spartans","MB","Missouri Baptist Spartans","MO Baptist","","","","","","","","","","","","",""
"726","2402","Missouri S&T","Miners","MS&T","Missouri S&T Miners","Missouri S&T","000000","","","","","","","","missouri-st","","","",""
"727","6760","Missouri S&T","Miners","M-ST","Missouri S&T Miners","Missouri S&T","","","","","","","","","missouri-st","","","",""
"728","2403","Missouri Southern State","Lions","MOSSTC","Missouri Southern State Lions","MO So St","000000","","","","","","","","","","","",""
"729","2623","Missouri State","Bears","MOST","Missouri State Bears","Missouri St","5F0000","e8e8e8","328","Great Southern Bank Arena","Springfield","MO","25","CUSA","missouri-st","12","8","6","3"
"730","136","Missouri Valley","Vikings","MISSO","Missouri Valley Vikings","MO Valley","","","","","","","","","","","","",""
"731","137","Missouri Western","Griffons","MOW","Missouri Western Griffons","MO Western","000000","","","","","","","","","","","",""
"732","141","Missouri-St. Louis","Rivermen","MISSO","Missouri-St. Louis Rivermen","Um-St Lou","","","","","","","","","","","","",""
"734","108838","Mitchell College","Mariners","MITC","Mitchell College Mariners","Mitchell","","","","","","","","","mitchell","","","",""
"735","2920","Mobile","Rams","MOBIL","Mobile Rams","Mobile","","","","","","","","","","","","",""
"736","2404","Molloy","Lions","MOL","Molloy Lions","Molloy","","","","","","","","","molloy","","","",""
"737","2405","Monmouth","Hawks","MONM","Monmouth Hawks","Monmouth","051844","","433","OceanFirst Bank Center","West Long Branch","NJ","16","CAA","monmouth","10","11","4","4"
"738","2919","Monmouth (IL)","Fighting Scots","MONMIL","Monmouth (IL) Fighting Scots","Monmouthil","000000","","","","","","","","monmouth-il","","","",""
"739","149","Montana","Grizzlies","MONT","Montana Grizzlies","Montana","751D4A","666666","171","Dahlberg Arena","Missoula","MT","29","Big Sky","montana","12","9","6","2"
"740","147","Montana State","Bobcats","MTST","Montana State Bobcats","Montana St","00205c","bc955c","330","Worthington Arena","Bozeman","MT","29","Big Sky","montana-st","13","8","7","1"
"741","2407","Montana State-Billings","Yellowjackets","MTSTBIL","Montana State-Billings Yellowjackets","MT St-Bill","","","","","","","","","","","","",""
"742","569","Montana State-Northern","Lights","MSTNORTH","Montana State-Northern Lights","Monstnor","000000","","","","","","","","","","","",""
"743","148","Montana Tech","Orediggers","MTTECH","Montana Tech Orediggers","Mont Tech","000000","","","","","","","","","","","",""
"744","2701","Montana-Western","Bulldogs","MTWST","Montana-Western Bulldogs","W Montana","000000","","","","","","","","","","","",""
"745","3100","Monterrey Tech","Borregos","MON","Monterrey Tech Borregos","Monterrey","000000","","","","","","","","","","","",""
"746","2409","Montevallo","Falcons","MNTEVAL","Montevallo Falcons","Montevallo","","","","","","","","","montevallo","","","",""
"747","2410","Montreat","Cavaliers","MONTR","Montreat Cavaliers","Montreat","000000","","","","","","","","","","","",""
"748","323","Moravian","Greyhounds","MOR","Moravian Greyhounds","MORAVIAN","1f3361","a5a6a9","","","","","","","moravian","","","",""
"749","2413","Morehead State","Eagles","MORE","Morehead State Eagles","Morehead St","094FA3","fed91a","216","Ellis T. Johnson Arena","Morehead","KY","28","OVC","morehead-st","11","10","7","3"
"750","60","Morehouse","Maroon Tigers","MOR","Morehouse Maroon Tigers","Morehouse","000000","","451","Forbes Arena","Atlanta","GA","","","morehouse","","","",""
"751","2415","Morgan State","Bears","MORG","Morgan State Bears","Morgan St","014786","f47937","54","Hill Field House","Baltimore","MD","23","MEAC","morgan-st","8","13","4","2"
"752","2417","Morris Brown","Wolverines","MB","Morris Brown Wolverines","Morris Brown","","","","","","","","","morris-brown","","","",""
"753","571","Morris College","Hornets","MOR","Morris College Hornets","Morris","","","","","","","","","","","","",""
"754","111943","Mount Aloysius","Mounties","MOU","Mount Aloysius Mounties","MT ALOY","","","","","","","","","","","","",""
"755","481","Mount Ida","Mount Ida","MOU","Mount Ida","Mount Ida","000000","","","","","","","","mount-ida","","","",""
"756","573","Mount Marty College","Lancers","MTM","Mount Marty College Lancers","Mount Marty","","","","","","","","","","","","",""
"757","2418","Mount Olive","Trojans","MO","Mount Olive Trojans","Mount Olive","","","","","","","","","mount-olive","","","",""
"758","289","Mount Saint Mary (NY)","Knights","MSM","Mount Saint Mary (NY) Knights","Mt Saint Mary","","","","","","","","","","","","",""
"759","329","Mount Saint Vincent","Mount Saint Vincent","COLLE","Mount Saint Vincent","Mtvincent","","","","","","","","","","","","",""
"760","2419","Mount St. Joseph","Lions","MTS","Mount St. Joseph Lions","Mt St Jsph","002d5d","f5ce3e","","","","","","","mt-st-joseph","","","",""
"761","116","Mount St. Mary's","Mountaineers","MSM","Mount St. Mary's Mountaineers","Mount St Marys","005596","ebebeb","46","Knott Arena","Emmitsburg","MD","17","MAAC","","9","13","5","6"
"762","426","Mount Union (OH)","Raiders","MTU","Mount Union (OH) Raiders","Mt Union","000000","","","","","","","","","","","",""
"763","576","Mount Vernon Nazarene (OH)","MT VERNON (OH)","MVN","Mount Vernon Nazarene (OH) MT VERNON (OH)","MV Nazarne","","","","","","","","","","","","",""
"764","577","Mountain State University","Cougars","MZS","Mountain State University Cougars","Mountain State Unive","","","","","","","","","","","","",""
"766","2422","Muhlenberg","Mules","MHLBRG","Muhlenberg Mules","Muhlenberg","000000","","","","","","","","muhlenberg","","","",""
"767","109661","Multnomah University","Lions","MULT","Multnomah University Lions","Multnomah","","","","","","","","","","","","",""
"768","93","Murray State","Racers","MUR","Murray State Racers","Murray St","002148","000e00","112","CFSB Center","Murray","KY","10","MVC","murray-st","16","5","8","2"
"769","332","Muskingum","Fighting Muskies","MUS","Muskingum Fighting Muskies","Muskingum","000000","","","","","","","","muskingum","","","",""
"773","152","NC State","Wolfpack","NCSU","NC State Wolfpack","NC State","cc0000","ffffff","74","Lenovo Center","Raleigh","NC","12","ACC","","14","6","5","2"
"774","286","NC Wesleyan","Battling Bishops","NORTH","NC Wesleyan Battling Bishops","NC Weslyn","000000","","","","","","","","nc-wesleyan","","","",""
"798","2885","NJIT","Highlanders","NJIT","NJIT Highlanders","NJIT","EE3024","df3e2e","62","Joel & Diane Bloom Wellness and Events Center","Newark","NJ","11","Am. East","njit","9","12","4","2"
"842","124966","NVU-Lyndon","Hornets","NVUL","NVU-Lyndon Hornets","NVU-Lyndon","","","","","","","","","","","","",""
"843","342","NYU Poly","Fighting Blue Jays","NYP","NYU Poly Fighting Blue Jays","NYU Poly","","","","","","","","","","","","",""
"770","128585","Navajo Tech","Skyhawks","NAV","Navajo Tech Skyhawks","Navajo Tech","","","","","","","","","","","","",""
"771","2426","Navy","Midshipmen","NAVY","Navy Midshipmen","Navy","00225b","b5a67c","272","Alumni Hall (Navy)","Annapolis","MD","6","Patriot","navy","15","6","7","1"
"772","110426","Nazareth College","Golden Flyers","NAZ","Nazareth College Golden Flyers","Nazareth","","","","","","","","","nazareth","","","",""
"775","158","Nebraska","Cornhuskers","NEB","Nebraska Cornhuskers","Nebraska","d00000","ffffff","147","Pinnacle Bank Arena","Lincoln","NE","31","Big Ten","nebraska","20","0","9","0"
"776","111175","Nebraska Christian","Sentinels","NEB","Nebraska Christian Sentinels","NEBCHR","","","","","","","","","","","","",""
"777","157","Nebraska Wesleyan","Prairie Wolves","NEBWS","Nebraska Wesleyan Prairie Wolves","Neb Wesleyan","aa985d","000000","","","","","","","","","","",""
"778","2438","Nebraska-Kearney","Lopers","NEKR","Nebraska-Kearney Lopers","Neb Kearney","000000","","","","","","","","","","","",""
"779","112679","Nelson","Lions","NEL","Nelson Lions","Nelson","","","","","","","","","","","","",""
"780","422","Neumann","Knights","NEU","Neumann Knights","Neumann","","","","","","","","","neumann","","","",""
"781","2440","Nevada","Wolf Pack","NEV","Nevada Wolf Pack","Nevada","002d62","ffffff","186","Lawlor Events Center","Reno","NV","2","Mountain West","nevada","14","6","6","3"
"782","128550","New College (FL)","Mighty Banyans","NCF","New College (FL) Mighty Banyans","New College FL","","","","","","","","","","","","",""
"783","160","New Hampshire","Wildcats","UNH","New Hampshire Wildcats","New Hampshire","004990","c3c4c6","219","Lundholm Gymnasium","Durham","NH","11","Am. East","new-hampshire","7","12","3","3"
"784","2441","New Haven","Chargers","NHVN","New Haven Chargers","New Haven","000000","","","","","","18","NEC","new-haven","9","11","4","3"
"785","3165","New Hope Christian College","Newhope","NEW H","New Hope Christian College Newhope","Newhope","","","","","","","","","","","","",""
"786","167","New Mexico","Lobos","UNM","New Mexico Lobos","New Mexico","000000","231f20","169","The Pit","Albuquerque","NM","2","Mountain West","new-mexico","16","4","7","2"
"787","2424","New Mexico Highlands","Cowboys","NMH","New Mexico Highlands Cowboys","Nmexhighl","000000","","","","","","","","nm-highlands","","","",""
"788","166","New Mexico State","Aggies","NMSU","New Mexico State Aggies","New Mexico St","891216","000000","167","Pan American Center","Las Cruces","NM","25","CUSA","new-mexico-st","10","9","3","6"
"789","2443","New Orleans","Privateers","UNO","New Orleans Privateers","New Orleans","005da6","a2a9ae","304","Lakefront Arena","New Orleans","LA","27","Southland","new-orleans","7","13","5","6"
"790","445","New York City Tech","Ny City Tech","NEW Y","New York City Tech Ny City Tech","NYC Tech","","","","","","","","","city-tech","","","",""
"791","108818","New York Institute Of Technology","Yellow Jackets","NEW","New York Institute Of Technology Yellow Jackets","NYIT","","","","","","","","","nyit","","","",""
"792","2444","Newberry","Wolves","NBRY","Newberry Wolves","Newberry","d02030","8a8c8f","","","","","","","newberry","","","",""
"793","108822","Newbury College","Wolves","NBRY","Newbury College Wolves","Newberry","","","","","","","","","newbury","","","",""
"794","580","Newman University","Jets","NEWMAN","Newman University Jets","Newman","","","","","","","","","newman","","","",""
"795","315","Niagara","Purple Eagles","NIA","Niagara Purple Eagles","Niagara","69207E","f0f0f0","39","Gallagher Center","Niagara Falls","NY","17","MAAC","niagara","5","15","2","8"
"796","2447","Nicholls","Colonels","NICH","Nicholls Colonels","Nicholls","C41230","f0f0f0","280","David R. Stopher Gymnasium","Thibodaux","LA","27","Southland","","8","12","7","4"
"797","2884","Nichols College","Bison","NICHOLS","Nichols College Bison","Nichls Col","007b5f","000000","","","","","","","nichols","","","",""
"799","130201","Nobel","Knights","NOB","Nobel Knights","Nobel","","","","","","","","","","","","",""
"800","2450","Norfolk State","Spartans","NORF","Norfolk State Spartans","Norfolk St","0c8968","fdb813","118","Joseph G. Echols Hall","Norfolk","VA","23","MEAC","norfolk-st","10","13","3","3"
"801","2453","North Alabama","Lions","UNA","North Alabama Lions","North Alabama","663399","","242","Flowers Hall","Florence","AL","9","ASUN","","","","",""
"802","126750","North American","Stallions","NOAM","North American Stallions","North American","","","","","","","","","","","","",""
"803","153","North Carolina","Tar Heels","UNC","North Carolina Tar Heels","North Carolina","7bafd4","13294b","7","Dean E. Smith Center","Chapel Hill","NC","12","ACC","north-carolina","16","4","4","3"
"804","2448","North Carolina A&T","Aggies","NCAT","North Carolina A&T Aggies","NC A&T","0505aa","004684","41","Corbett Sports Center","Greensboro","NC","16","CAA","nc-at","9","10","2","6"
"805","2428","North Carolina Central","Eagles","NCCU","North Carolina Central Eagles","NC Central","880023","c2c3c0","266","McDougald-McLendon Arena","Durham","NC","23","MEAC","nc-central","7","12","3","1"
"806","121894","North Central (MN)","Rams","NOR","North Central (MN) Rams","NORTHCENMN","","","","","","","","","north-central-mn","","","",""
"807","3071","North Central College","Cardinals","NOCENTCOL","North Central College Cardinals","N Central","000000","","","","","","","","north-central-il","","","",""
"808","155","North Dakota","Fighting Hawks","UND","North Dakota Fighting Hawks","North Dakota","00A26B","c2c3c0","334","Betty Engelstad Sioux Center","Grand Forks","ND","26","Summit","north-dakota","12","12","6","2"
"809","2449","North Dakota State","Bison","NDSU","North Dakota State Bison","N Dakota St","01402A","ffffff","114","Scheels Center","Fargo","ND","26","Summit","north-dakota-st","","","",""
"810","2454","North Florida","Ospreys","UNF","North Florida Ospreys","North Florida","004B8D","babcbe","257","UNF Arena","Jacksonville","FL","9","ASUN","north-florida","5","16","3","5"
"811","2455","North Georgia","Saints","NORTH","North Georgia Saints","North Georgia","","","","","","","","","north-georgia","","","",""
"812","2822","North Greenville","Crusaders","NGR","North Greenville Crusaders","N Greenvl","d91e39","000000","","","","","","","north-greenville","","","",""
"813","75","North Park","Vikings","NOR","North Park Vikings","North Park","000000","","","","","","","","north-park","","","",""
"814","249","North Texas","Mean Green","UNT","North Texas Mean Green","North Texas","ffffff","000000","200","The Super Pit","Denton","TX","20","American","north-texas","12","8","3","4"
"815","111","Northeastern","Huskies","NE","Northeastern Huskies","Northeastern","CC0001","c2c3c0","320","Matthews Arena","Boston","MA","16","CAA","northeastern","6","14","2","7"
"816","196","Northeastern State","RiverHawks","NEO","Northeastern State RiverHawks","Northeastern St","000000","","","","","","","","northeastern-st","","","",""
"817","2464","Northern Arizona","Lumberjacks","NAU","Northern Arizona Lumberjacks","N Arizona","003976","1b3069","438","J. Lawrence Walkup Skydome","Flagstaff","AZ","29","Big Sky","","","","",""
"818","2458","Northern Colorado","Bears","UNCO","Northern Colorado Bears","N Colorado","13558D","ffc533","188","Bank of Colorado Arena","Greeley","CO","29","Big Sky","","","","",""
"819","2459","Northern Illinois","Huskies","NIU","Northern Illinois Huskies","N Illinois","F1122C","cc0000","255","NIU Convocation Center","Dekalb","IL","3","MAC","","","","",""
"820","2460","Northern Iowa","Panthers","UNI","Northern Iowa Panthers","Northern Iowa","473282","ffffff","139","McLeod Center","Cedar Falls","IA","10","MVC","uni","","","",""
"821","94","Northern Kentucky","Norse","NKU","Northern Kentucky Norse","N Kentucky","ffc82e","000000","354","Truist Arena","Highland Heights","KY","22","Horizon","","","","",""
"822","128","Northern Michigan","Wildcats","NMI","Northern Michigan Wildcats","N Michigan","000000","","","","","","","","","","","",""
"823","3141","Northern New Mexico","Eagles","NNMC","Northern New Mexico Eagles","N New Mexico","","","","","","","","","","","","",""
"824","425","Northern State","Wolves","NRTHERNST","Northern State Wolves","Northrn St","000000","","","","","","","","northern-st","","","",""
"825","2462","Northland","Lumberjacks","NORTH","Northland Lumberjacks","Northland","","","","","","","","","northland","","","",""
"826","3218","Northwest Indian","RedHawks","NOR","Northwest Indian RedHawks","NW Indian","","","","","","","","","","","","",""
"827","138","Northwest Missouri St","Bearcats","NWMS","Northwest Missouri St Bearcats","NW MO St","000000","","","","","","","","","","","",""
"828","2887","Northwest Nazarene","Nw Nazarene","NWNAZ","Northwest Nazarene Nw Nazarene","NW Nzarene","","","","","","","","","northwest-nazarene","","","",""
"829","2465","Northwest University","Eagles","NWU","Northwest University Eagles","Northwest","","","","","","","","","","","","",""
"830","77","Northwestern","Wildcats","NU","Northwestern Wildcats","Northwestern","582c83","ffffff","143","Welsh-Ryan Arena","Evanston","IL","31","Big Ten","northwestern","9","11","1","8"
"831","3250","Northwestern Ohio","Racers","NOR","Northwestern Ohio Racers","NW Ohio","","","","","","","","","","","","",""
"832","2823","Northwestern Oklahoma State","Rangers","NWO","Northwestern Oklahoma State Rangers","NW Okla St","000000","","","","","","","","","","","",""
"833","2466","Northwestern State","Demons","NWST","Northwestern State Demons","N'Western St","492F91","ed6118","99","Prather Coliseum","Natchitoches","LA","27","Southland","northwestern-st","","","",""
"834","584","Northwood (FL)","Seahawks","NWD","Northwood (FL) Seahawks","Northwood","","","","","","","","","","","","",""
"835","2886","Northwood (MI)","Timberwolves","NAR","Northwood (MI) Timberwolves","Northwood","000000","","","","","","","","northwood-mi","","","",""
"836","585","Northwood University","Knights","NORT","Northwood University Knights","Northwood","","","","","","","","","","","","",""
"837","87","Notre Dame","Fighting Irish","ND","Notre Dame Fighting Irish","Notre Dame","0c2340","c99700","225","Purcell Pavilion","South Bend","IN","12","ACC","notre-dame","11","9","2","5"
"838","128342","Notre Dame (Md)","Gators","NOT","Notre Dame (Md) Gators","Notre Dame (Md","","","","","","","","","notre-dame-md","","","",""
"839","587","Notre Dame College (OH)","Blue Falcons","NDOH","Notre Dame College (OH) Blue Falcons","ND Ohio","000000","","","","","","","","","","","",""
"840","2468","Notre Dame de Namur","Argonauts","NOTRE","Notre Dame de Namur Argonauts","ND de Namur","","","","","","","","","notre-dame-de-namur","","","",""
"841","2470","Nova Southeastern","Sharks","NOVA","Nova Southeastern Sharks","Nova Southeast","","","","","","","","","nova-southeastern","","","",""
"844","110436","Oak Hills Christian","Wolfpack","OAK","Oak Hills Christian Wolfpack","Oak Hills Cris","","","","","","","","","","","","",""
"845","2473","Oakland","Golden Grizzlies","OAK","Oakland Golden Grizzlies","Oakland","04091c","bc955c","45","OU Credit Union O'rena","Rochester","MI","22","Horizon","oakland","12","10","8","3"
"846","2474","Oakland City","Mighty Oaks","OAKCTY","Oakland City Mighty Oaks","Oakland City","000000","","","","","","","","oakland-city","","","",""
"847","3083","Oakwood","Ambassadors","OAKWO","Oakwood Ambassadors","Oakwood","000000","","","","","","","","","","","",""
"848","391","Oberlin","Yeomen","OBERLIN","Oberlin Yeomen","Oberlin","000000","","","","","","","","oberlin","","","",""
"849","2475","Occidental","Tigers","OCCID","Occidental Tigers","Occidental","000000","","","","","","","","occidental","","","",""
"850","2476","Oglethorpe","Stormy Petrels","OGLET","Oglethorpe Stormy Petrels","Oglethorpe","","","","","","","","","oglethorpe","","","",""
"851","195","Ohio","Bobcats","OHIO","Ohio Bobcats","Ohio","295A29","e4bb85","309","Convocation Center (OH)","Athens","OH","3","MAC","ohio","11","10","5","4"
"852","3121","Ohio Christian","Trailblazers","OC","Ohio Christian Trailblazers","Ohio Christian","","","","","","","","","","","","",""
"853","2477","Ohio Dominican","Panthers","ODM","Ohio Dominican Panthers","Ohio Dom","000000","","","","","","","","ohio-dominican","","","",""
"854","108798","Ohio Midwestern","Rams","OHMW","Ohio Midwestern Rams","Ohio Midwestern","","","","","","","","","","","","",""
"855","427","Ohio Northern","Polar Bears","OHNRTH","Ohio Northern Polar Bears","Ohio Nrthn","000000","","","","","","","","ohio-northern","","","",""
"856","194","Ohio State","Buckeyes","OSU","Ohio State Buckeyes","Ohio State","ce1141","505056","324","Schottenstein Center","Columbus","OH","31","Big Ten","ohio-st","","","",""
"857","2479","Ohio Valley","Fighting Scots","OHVAL","Ohio Valley Fighting Scots","Ohio Vall","000000","","","","","","","","ohio-valley","","","",""
"858","2980","Ohio Wesleyan","Battling Bishops","OHWESL","Ohio Wesleyan Battling Bishops","Oh Weslyan","000000","","","","","","","","ohio-wesleyan","","","",""
"859","111966","Ohio-Chillicothe","Hilltoppers","OHI","Ohio-Chillicothe Hilltoppers","OHCHILLI","","","","","","","","","","","","",""
"860","201","Oklahoma","Sooners","OU","Oklahoma Sooners","Oklahoma","a32036","ffffff","164","Lloyd Noble Center","Norman","OK","4","SEC","oklahoma","11","9","1","6"
"861","319","Oklahoma Baptist","Bison","OB","Oklahoma Baptist Bison","Okla Bapt","","","","","","","","","","","","",""
"862","589","Oklahoma Christian","Oklahoma Christian","OKCHRIST","Oklahoma Christian","OK CHRIST","","","","","","","","","okla-christian","","","",""
"863","2481","Oklahoma City","Okies","OKLAH","Oklahoma City Okies","Oklahoma City","","","","","","","","","","","","",""
"864","197","Oklahoma State","Cowboys","OKST","Oklahoma State Cowboys","Oklahoma St","000000","dddddd","175","Gallagher-Iba Arena","Stillwater","OK","8","Big 12","oklahoma-st","14","6","2","5"
"865","590","Oklahoma Wesleyan Un","Eagles","OW","Oklahoma Wesleyan Un Eagles","Oklahoma Wesleyan Un","","","","","","","","","","","","",""
"866","295","Old Dominion","Monarchs","ODU","Old Dominion Monarchs","Old Dominion","00507d","a1d2f1","68","Chartway Arena","Norfolk","VA","7","Sun Belt","old-dominion","6","15","3","6"
"867","3087","Old Westbury","Panthers","OWB","Old Westbury Panthers","Old Westbury","000000","","","","","","","","old-westbury","","","",""
"868","16231","Old Westbury","Panthers","OWB","Old Westbury Panthers","Old Westbury","","","","","","","","","old-westbury","","","",""
"869","145","Ole Miss","Rebels","MISS","Ole Miss Rebels","Ole Miss","13294b","c8102e","18","The Sandy and John Black Pavilion at Ole Miss","Oxford","MS","4","SEC","ole-miss","11","9","3","4"
"870","354","Olivet","Comets","OLI","Olivet Comets","Olivet","000000","","","","","","","","olivet","","","",""
"871","2922","Olivet Nazarene","Tigers","ONAZ","Olivet Nazarene Tigers","Olivet Naz","","","","","","","","","","","","",""
"872","2437","Omaha","Mavericks","OMA","Omaha Mavericks","Omaha","e3193e","","113","Baxter Arena","Omaha","NE","26","Summit","neb-omaha","10","12","3","4"
"873","198","Oral Roberts","Golden Eagles","ORU","Oral Roberts Golden Eagles","Oral Roberts","002462","dac792","282","Mabee Center","Tulsa","OK","26","Summit","oral-roberts","5","17","0","7"
"874","2483","Oregon","Ducks","ORE","Oregon Ducks","Oregon","007030","fee11a","191","Matthew Knight Arena","Eugene","OR","31","Big Ten","oregon","8","12","1","8"
"875","204","Oregon State","Beavers","ORST","Oregon State Beavers","Oregon St","231f20","d73f09","180","Gill Coliseum","Corvallis","OR","30","WCC","oregon-st","10","12","3","6"
"876","2484","Oregon Tech","Hustlin' Owls","ORTECH","Oregon Tech Hustlin' Owls","Oregn Tech","","","","","","","","","","","","",""
"877","3186","Oswego St","Lakers","OSWEG","Oswego St Lakers","Oswego","","","","","","","","","oswego-st","","","",""
"878","111254","Ottawa (AZ)","Spirit","OUAZ","Ottawa (AZ) Spirit","OTTAWAAZ","","","","","","","","","","","","",""
"879","2775","Ottawa (KS)","Ottawa (Ks)","OTTAW","Ottawa (KS) Ottawa (Ks)","Ottawa Ks","000000","","","","","","","","","","","",""
"880","2888","Ouachita Baptist","Tigers","OUA","Ouachita Baptist Tigers","Ouachita","000000","","","","","","","","ouachita-baptist","","","",""
"881","3158","Our Lady Of The Lake","Saints","LADY","Our Lady Of The Lake Saints","OLLU","","","","","","","","","","","","",""
"882","127162","Ozark Christian","Ambassadors","OZCH","Ozark Christian Ambassadors","Ozark Chrstn","","","","","","","","","","","","",""
"883","2487","Pace","Setters","PAC","Pace Setters","Pace","000000","","","","","","","","pace","","","",""
"884","279","Pacific","Tigers","PAC","Pacific Tigers","Pacific","F47820","c2c3c0","182","Alex G. Spanos Center","Stockton","CA","30","WCC","pacific","14","8","5","4"
"885","205","Pacific (OR)","Boxers","PAC","Pacific (OR) Boxers","Pacific Or","b4183a","ffffff","","","","","","","pacific-or","","","",""
"886","2486","Pacific Lutheran","Lutes","PACLTH","Pacific Lutheran Lutes","Pacif. Lutheran","ffc423","000000","","","","","","","pacific-lutheran","","","",""
"887","594","Pacific Union","Pacific Union","PACUNION","Pacific Union","Pac Union","","","","","","","","","","","","",""
"888","3184","Pacifica College","Gladiators","PFC","Pacifica College Gladiators","Pacifica College","","","","","","","","","","","","",""
"889","2488","Paine","Lions","PC","Paine Lions","Paine","","","","","","","","","paine","","","",""
"890","2489","Palm Beach Atlantic","Sailfish","PALM","Palm Beach Atlantic Sailfish","Palm Beach Atl","000000","","","","","","","","","","","",""
"891","2824","Panhandle St (OK)","PANHANDLE ST","PAN","Panhandle St (OK) PANHANDLE ST","Pnhndle St","000000","","","","","","","","","","","",""
"892","123350","Park University Gilbert","Buccaneers","PARK","Park University Gilbert Buccaneers","Park U Gilbert","","","","","","","","","","","","",""
"893","2491","Paul Quinn","Tigers","PPN","Paul Quinn Tigers","Paul Quinn","000000","","","","","","","","","","","",""
"894","131638","Paul Smith'S","Bobcats","PSC","Paul Smith'S Bobcats","Paul Smith's","","","","","","","","","","","","",""
"895","3183","Penn St Abington","Nittany Lions","PSALB","Penn St Abington Nittany Lions","PSU Ab","","","","","","","","","penn-st-abington","","","",""
"896","213","Penn State","Nittany Lions","PSU","Penn State Nittany Lions","Penn State","00265D","002e5c","108","Bryce Jordan Center","University Park","PA","31","Big Ten","penn-st","","","",""
"898","108808","Penn State (Beaver)","Penn State (Beaver)","PENN","Penn State (Beaver)","PNBEA","","","","","","","","","","","","",""
"899","111199","Penn State (Brandywine)","Lions","PEN","Penn State (Brandywine) Lions","PSU Brandywine","","","","","","","","","penn-st-brandywine","","","",""
"900","108874","Penn State (Harrisburg)","Penn State (Harrisburg)","PSUHAR","Penn State (Harrisburg)","PSHARRISBU","","","","","","","","","penn-st-harrisburg","","","",""
"901","108994","Penn State (Mont Alto)","Nittany Lions","PSMONTALTO","Penn State (Mont Alto) Nittany Lions","PSMONTALTO","","","433","OceanFirst Bank Center","West Long Branch","NJ","","","","","","",""
"897","111942","Penn State - Wilkes-Barre","Mountain Lions","PSWILKES","Penn State - Wilkes-Barre Mountain Lions","Wilkes-Barre","","","","","","","","","","","","",""
"902","131642","Penn State Hazleton","Nittany Lions","PSHZ","Penn State Hazleton Nittany Lions","PSU Hazleton","","","","","","","","","","","","",""
"903","130198","Penn State Scranton","Nittany Lions","PSSC","Penn State Scranton Nittany Lions","PSU Scranton","","","","","","","","","","","","",""
"904","124950","Penn State-Alleghany","Nittany Lions","PSGA","Penn State-Alleghany Nittany Lions","Penn Alleghany","","","","","","","","","","","","",""
"905","478","Penn State-Altoona","Nittany Lions","PSAL","Penn State-Altoona Nittany Lions","PSU Altoona","","","","","","","","","penn-st-altoona","","","",""
"906","2944","Penn State-Behrend","Lions","PSBEHR","Penn State-Behrend Lions","Penn Behrend","","","","","","","","","penn-st-behrend","","","",""
"907","130197","Penn State-Fayette","Nittany Lions","PEN","Penn State-Fayette Nittany Lions","Penn State-Fay","","","","","","","","","","","","",""
"908","126910","Penn State-New Kensington","Lions","PSNK","Penn State-New Kensington Lions","Penn State-NK","","","","","","","","","","","","",""
"909","128344","Penn State-Schuylkill","Nittany Lions","PSUS","Penn State-Schuylkill Nittany Lions","PSU Schuylkill","","","","","","","","","","","","",""
"910","130195","Penn State-Shenango","Nittany Lions","PEN","Penn State-Shenango Nittany Lions","Penn State-She","","","","","","","","","","","","",""
"911","112706","Penn State-York","Nittany Lions","PSY","Penn State-York Nittany Lions","Penn St-York","","","","","","","","","","","","",""
"913","2858","PennWest California","Vulcans","PW CAL","PennWest California Vulcans","PennWest CA","000000","","","","","","","","","","","",""
"912","219","Pennsylvania","Quakers","PENN","Pennsylvania Quakers","Penn","082A74","a6163d","252","The Palestra","Philadelphia","PA","13","Ivy","","9","9","2","3"
"914","3173","Pensacola Christian College","Eagles","PENSA","Pensacola Christian College Eagles","Penscla CC","","","","","","","","","","","","",""
"915","2492","Pepperdine","Waves","PEPP","Pepperdine Waves","Pepperdine","003A72","dc762f","233","Firestone Fieldhouse","Malibu","CA","30","WCC","pepperdine","6","16","1","8"
"916","596","Peru State","Bobcats","PER","Peru State Bobcats","Peru St","","","","","","","","","","","","",""
"917","2945","Pfeiffer","Falcons","PFEIF","Pfeiffer Falcons","Pfeiffer","","","","","","","","","pfeiffer","","","",""
"918","361","Philadelphia","Rams","PHILA","Philadelphia Rams","Phildlphia","","","","","","","","","","","","",""
"919","429","Philadelphia Biblical University","Highlanders","PBU","Philadelphia Biblical University Highlanders","Philybible","","","","","","","","","","","","",""
"920","2494","Philander Smith","Panthers","PHILA","Philander Smith Panthers","PhilanderSmith","000000","","","","","","","","","","","",""
"921","3188","Phoenix","Firestorm","AZCHR","Phoenix Firestorm","AZ Chrstn","","","","","","","","","","","","",""
"922","2496","Piedmont","Lions","PIEDM","Piedmont Lions","Piedmont","","","","","","","","","piedmont","","","",""
"923","95","Pikeville","Bears","PIKEV","Pikeville Bears","Pikeville","000000","","","","","","","","","","","",""
"924","109656","Pine Manor","Pine Manor","PINE","Pine Manor","PINEMANOR","","","","","","","","","pine-manor","","","",""
"925","90","Pittsburg St","Gorillas","PIT","Pittsburg St Gorillas","Pitt St","000000","","","","","","","","pittsburg-st","","","",""
"926","221","Pittsburgh","Panthers","PITT","Pittsburgh Panthers","Pitt","003263","231f20","79","Petersen Events Center","Pittsburgh","PA","12","ACC","pittsburgh","8","12","1","6"
"927","126821","Pittsburgh - Greensburg","Bobcats","PITTGREEN","Pittsburgh - Greensburg Bobcats","Pit Greensburg","","","","","","","","","","","","",""
"928","220","Pittsburgh-Bradford","Panthers","PB","Pittsburgh-Bradford Panthers","Pitt-Bradford","","","","","","","","","","","","",""
"929","177","Plattsburgh St","Cardinals","PLATT","Plattsburgh St Cardinals","Platts St","","","","","","","","","plattsburgh-st","","","",""
"930","2972","Plymouth State","Panthers","PLYST","Plymouth State Panthers","Plymouth","054e39","000000","","","","","","","plymouth-st","","","",""
"931","3179","Point","Skyhawks","POI","Point Skyhawks","Point","","","","","","","","","","","","",""
"932","2500","Point Loma Nazarene","Sea Lions","POINT","Point Loma Nazarene Sea Lions","Point Loma Nz","000000","","","","","","","","","","","",""
"933","214","Point Park","Pioneers","POINT","Point Park Pioneers","Point Park","","","","","","","","","","","","",""
"934","2932","Point University","Skyhawks","POI","Point University Skyhawks","Point Univ","000000","","551","George Bisacca Court at Alumni Hall","Fairfield","CT","","","","","","",""
"935","2923","Pomona Pitzer","Sagehens","POM","Pomona Pitzer Sagehens","Pomna Pitz","00549a","f7941e","","","","","","","pomona-pitzer","","","",""
"936","2501","Portland","Pilots","PORT","Portland Pilots","Portland","330072","a8b3ba","237","Chiles Center","Portland","OR","30","WCC","portland","10","12","3","6"
"937","3217","Portland Bible","Arrows","PORTL","Portland Bible Arrows","Portland Bible","","","","","","","","","","","","",""
"938","2502","Portland State","Vikings","PRST","Portland State Vikings","Portland St","00311e","ebebeb","261","Viking Pavilion","Portland","OR","29","Big Sky","portland-st","13","5","7","0"
"939","430","Post University","Post","POST","Post University Post","Post","","","","","","","","","post","","","",""
"940","2504","Prairie View A&M","Panthers","PV","Prairie View A&M Panthers","Prairie View","4d0960","","56","William Nicks Building","Prairie View","TX","5","SWAC","","8","12","3","4"
"941","2505","Pratt","Cannoneers","PRAT","Pratt Cannoneers","PRATT","000000","","","","","","","","","","","",""
"942","2506","Presbyterian","Blue Hose","PRES","Presbyterian Blue Hose","Presbyterian","194896","990134","221","Templeton Center","Clinton","SC","19","Big South","presbyterian","11","11","4","3"
"943","597","Presentation College","Saints","PRE","Presentation College Saints","Presentation","000000","","","","","","","","presentation","","","",""
"944","163","Princeton","Tigers","PRIN","Princeton Tigers","Princeton","000000","ff6000","89","Jadwin Gymnasium","Princeton","NJ","13","Ivy","princeton","7","13","3","2"
"945","131584","Principia College","PRINCIPIA COLLEGE","PRI","Principia College PRINCIPIA COLLEGE","Principia Coll","","","","","","","","","principia","","","",""
"946","2507","Providence","Friars","PROV","Providence Friars","Providence","000000","a3a19e","82","Amica Mutual Pavilion","Providence","RI","14","Big East","providence","9","11","2","7"
"947","2889","Puerto Rico-Bayamon","Pirates","PUERT","Puerto Rico-Bayamon Pirates","PR-Bayamon","","","","","","","","","","","","",""
"948","2503","Puerto Rico-Mayaguez","Bulldogs","PRMAYA","Puerto Rico-Mayaguez Bulldogs","PR-Mayaguez","000000","","","","","","","","","","","",""
"949","435","Puerto Rico-Rio Piedras","Gallitos","PRRP","Puerto Rico-Rio Piedras Gallitos","PR-Rio Piedras","","","","","","","","","","","","",""
"950","2508","Puget Sound","Loggers","PUGET","Puget Sound Loggers","Puget Snd","680001","ffffff","","","","","","","puget-sound","","","",""
"951","3103","Purchase","Panthers","SUNY","Purchase Panthers","Purchase","000000","","","","","","","","purchase-st","","","",""
"952","2509","Purdue","Boilermakers","PUR","Purdue Boilermakers","Purdue","000000","cfb991","11","Mackey Arena","West Lafayette","IN","31","Big Ten","purdue","17","3","7","2"
"953","2870","Purdue Fort Wayne","Mastodons","PFW","Purdue Fort Wayne Mastodons","Purdue FW","00378A","f0f0f0","44","Memorial Coliseum (IN)","Fort Wayne","IN","22","Horizon","","13","8","7","3"
"954","598","Purdue North Central","Pride","PURDU","Purdue North Central Pride","Purdue NC","","","","","","","","","","","","",""
"956","368","Purdue Northwest","Pride","PNW","Purdue Northwest Pride","Pur-Calmet","000000","","","","","","","","purdue-northwest","","","",""
"955","111995","Purdue Northwest","Pride","PNW","Purdue Northwest Pride","Purdue NW","","","","","","","","","purdue-northwest","","","",""
"957","2512","Queens College NY","Knights","QUEEN","Queens College NY Knights","Queens NY","","","","","","","","","","","","",""
"958","2511","Queens University","Royals","QUC","Queens University Royals","Queens","192C66","857040","85","Curry Arena","Charlotte","NC","9","ASUN","","","","",""
"959","2825","Quincy","Hawks","QUI","Quincy Hawks","Quincy","000000","","","","","","","","quincy","","","",""
"960","2514","Quinnipiac","Bobcats","QUIN","Quinnipiac Bobcats","Quinnipiac","041B43","","249","M&T Bank Arena","Hamden","CT","17","MAAC","quinnipiac","14","8","7","4"
"980","178","RIT","Tigers","RIT","RIT Tigers","RIT","000000","ff6b00","","","","","","","","","","",""
"961","2515","Radford","Highlanders","RAD","Radford Highlanders","Radford","BC1515","c2c3c0","274","The Dedmon Center","Radford","VA","19","Big South","radford","11","11","4","3"
"962","3090","Randall University","Saints","RAND","Randall University Saints","Randall","","","","","","","","","","","","",""
"963","3153","Randolph College","Wildcats","RANDO","Randolph College Wildcats","Randolph","","","","","","","","","randolph","","","",""
"964","2516","Randolph-Macon","Yellow Jackets","RAN","Randolph-Macon Yellow Jackets","Rand Macon","fcdf12","000000","","","","","","","randolph-macon","","","",""
"965","29","Redlands","Bulldogs","RED","Redlands Bulldogs","Redlands","751708","ffffff","","","","","","","redlands","","","",""
"966","111926","Regent","Royals","REG","Regent Royals","Regent","","","","","","","","","","","","",""
"967","2517","Regis","Pride","REG","Regis Pride","Regis","","","","","","","","","","","","",""
"968","2518","Regis (CO)","Rangers","REGIS","Regis (CO) Rangers","Regis CO","000000","","","","","","","","regis-co","","","",""
"969","2890","Reinhardt","Eagles","REIN","Reinhardt Eagles","Reinhardt","000000","","","","","","","","","","","",""
"970","2528","Rensselaer","Engineers","RPI","Rensselaer Engineers","Rensselaer","000000","","","","","","","","rensselaer","","","",""
"971","3104","Rhema Bible Training Center","Rhema","RHEMA","Rhema Bible Training Center Rhema","Rhema U","000000","","","","","","","","","","","",""
"972","227","Rhode Island","Rams","URI","Rhode Island Rams","Rhode Island","091f3f","5ab3e8","135","Thomas M. Ryan Center","Kingston","RI","24","A-10","rhode-island","12","8","3","4"
"973","226","Rhode Island College","Anchormen","RIC","Rhode Island College Anchormen","RI College","","","","","","","","","rhode-island-col","","","",""
"974","2519","Rhodes","Lynx","RHO","Rhodes Lynx","Rhodes","000000","","","","","","","","rhodes","","","",""
"975","242","Rice","Owls","RICE","Rice Owls","Rice","d1d5d8","ffffff","197","Tudor Fieldhouse","Houston","TX","20","American","rice","8","12","2","5"
"976","257","Richmond","Spiders","RICH","Richmond Spiders","Richmond","9e0712","b90b2e","224","Robins Center","Richmond","VA","24","A-10","richmond","13","8","3","5"
"977","2520","Rider","Broncs","RID","Rider Broncs","Rider","a80532","ebebeb","408","Alumni Gymnasium (Rider)","Lawrenceville","NJ","17","MAAC","rider","2","17","1","9"
"978","2521","Rio Grande","Red Storm","RIOGRANDE","Rio Grande Red Storm","Rio Grande","","","","","","","","","","","","",""
"979","2891","Ripon","Red Hawks","RIPON","Ripon Red Hawks","Ripon","000000","","","","","","","","ripon","","","",""
"981","111913","Rivier","Raiders","RIV","Rivier Raiders","Rivier","","","","","","","","","rivier","","","",""
"982","2522","Roanoke","Maroons","ROANO","Roanoke Maroons","Roanoke","","","","","","","","","roanoke","","","",""
"983","2523","Robert Morris","Colonials","RMU","Robert Morris Colonials","Robert Morris","00214D","a21d2b","317","UPMC Events Center","Moon Township","PA","22","Horizon","robert-morris","13","9","5","6"
"984","599","Robert Morris (IL)","Eagles","RM","Robert Morris (IL) Eagles","Rob-Morris (IL)","000000","","","","","","","","","","","",""
"985","3160","Robert Morris-Springfield (IL)","Eagles","RMSP","Robert Morris-Springfield (IL) Eagles","R. Morris-Spfld","","","","","","","","","","","","",""
"986","128531","Roberts Wesleyan","Redhawks","RW","Roberts Wesleyan Redhawks","Rob. Wesleyan","","","","","","","","","roberts-wesleyan","","","",""
"987","2947","Rochester University (MI)","Warriors","ROMI","Rochester University (MI) Warriors","Rochester (MI)","000000","","","","","","","","","","","",""
"988","2524","Rockford","Regents","ROCKF","Rockford Regents","Rockford","5a3f99","c4c6c8","","","","","","","rockford","","","",""
"989","2525","Rockhurst","Hawks","ROCKH","Rockhurst Hawks","Rockhurst","000000","","","","","","","","rockhurst","","","",""
"990","2826","Rocky Mountain","Bears","RKYMTC","Rocky Mountain Bears","Rocky Mnt","","","","","","","","","","","","",""
"991","3122","Rogers State","Hillcats","ROGER","Rogers State Hillcats","Rogers State","","","","","","","","","rogers-st","","","",""
"992","303","Rollins","Tars","ROLLI","Rollins Tars","Rollins","000000","","","","","","","","rollins","","","",""
"993","3163","Roosevelt","Lakers","ROOSE","Roosevelt Lakers","Roosevelt","","","","","","","","","","","","",""
"994","465","Rosemont","Ravens","ROS","Rosemont Ravens","Rosemont","","","487","Alumnae Gymnasium","Rosemont","PA","","","rosemont","","","",""
"995","2827","Rowan","Profs","ROWAN","Rowan Profs","Rowan","571b04","ffcf06","660","Esbjornson Gymnasium","Glassboro","NJ","","","rowan","","","",""
"996","2892","Rust","Bearcats","RUST","Rust Bearcats","Rust","","","","","","","","","rust","","","",""
"997","164","Rutgers","Scarlet Knights","RUTG","Rutgers Scarlet Knights","Rutgers","d21034","ffffff","213","Jersey Mike’s Arena","Piscataway","NJ","31","Big Ten","rutgers","9","11","2","7"
"998","370","Rutgers-Camden","Raptors","RUTCAM","Rutgers-Camden Raptors","Rutgers-Camden","","","","","","","","","rutgers-camden","","","",""
"999","109658","Rutgers-Newark","Rutgers-Newark","RUTNEW","Rutgers-Newark","RUTGERSNEW","","","","","","","","","rutgers-newark","","","",""
"1000","109683","Ryerson","Bold","RYE","Ryerson Bold","RYERSON","","","","","","","","","","","","",""
"1037","2545","SE Louisiana","Lions","SELA","SE Louisiana Lions","SE Louisiana","215732","ffc72c","161","Pride Roofing University Center","Hammond","LA","27","Southland","","","","",""
"1057","2565","SIU Edwardsville","Cougars","SIUE","SIU Edwardsville Cougars","SIUE","eb1c23","080808","156","First Community Arena","Edwardsville","IL","28","OVC","siu-edwardsville","13","8","6","4"
"1060","2567","SMU","Mustangs","SMU","SMU Mustangs","SMU","354ca1","cc0035","162","Moody Coliseum","Dallas","TX","12","ACC","smu","15","5","4","3"
"1150","3156","SUNY Cobleskill","Fighting Tigers","SUNYCOB","SUNY Cobleskill Fighting Tigers","SUNYCobleskill","","","","","","","","","cobleskill-st","","","",""
"1151","126848","SUNY Delhi","Broncos","DELH","SUNY Delhi Broncos","SUNY Delhi","","","","","","","","","suny-delhi","","","",""
"1152","108789","SUNY Morrisville","Mustangs","NYMS","SUNY Morrisville Mustangs","SUNY Morris","","","","","","","","","suny-morrisville","","","",""
"1153","18131","SUNY Poly","Wildcats","SUNYPI","SUNY Poly Wildcats","SUNY Poly","","","","","","","","","sunyit","","","",""
"1154","2781","SUNY-Brockport","Golden Eagles","SNYB","SUNY-Brockport Golden Eagles","SUNY-Brockport","000000","","","","","","","","suny-brockport","","","",""
"1155","111947","SUNY-Canton","Roos","SUN","SUNY-Canton Roos","SUNY-Canton","","","","","","","","","suny-canton","","","",""
"1156","2951","SUNY-Maritime","Privateers","SUNYMAR","SUNY-Maritime Privateers","SUNY-Maritime","000000","","","","","","","","suny-maritime","","","",""
"1157","181","SUNY-New Paltz","Hawks","SUNY","SUNY-New Paltz Hawks","Suny-N Pal","","","","","","","","","suny-new-paltz","","","",""
"1158","355","SUNY-Oneonta","Red Dragons","SUNO","SUNY-Oneonta Red Dragons","SUNY-Oneonta","","","","","","","","","oneonta-st","","","",""
"1159","182","SUNY-Potsdam","Bears","SUNY","SUNY-Potsdam Bears","SUNY Potsdam","000000","","","","","","","","suny-potsdam","","","",""
"1001","16","Sacramento State","Hornets","SAC","Sacramento State Hornets","Sacramento St","00573C","cdb97d","206","The Nest","Sacramento","CA","29","Big Sky","sacramento-st","6","13","2","5"
"1002","2529","Sacred Heart","Pioneers","SHU","Sacred Heart Pioneers","Sacred Heart","a40012","c29472","387","William H. Pitt Center","Fairfield","CT","17","MAAC","sacred-heart","9","13","5","6"
"1003","129","Saginaw Valley State","Cardinals","SAGI","Saginaw Valley State Cardinals","Saginaw","000000","","","","","","","","","","","",""
"1004","395","Saint Augustine's","Falcons","STAUG","Saint Augustine's Falcons","Augustine","000000","","","","","","","","","","","",""
"1005","66786","Saint Elizabeth","Eagles","SEL","Saint Elizabeth Eagles","St. Elizabeth","","","","","","","","","","","","",""
"1006","2600","Saint John's (MN)","Johnnies","ST. J","Saint John's (MN) Johnnies","St John's (MN)","ce153e","7baed5","","","","","","","saint-johns-mn","","","",""
"1007","2603","Saint Joseph's","Hawks","JOES","Saint Joseph's Hawks","Saint Joseph's","C2071B","101010","93","Michael J. Hagan '85 Arena","Philadelphia","PA","24","A-10","saint-josephs","12","8","4","3"
"1008","3196","Saint Joseph's Long Island","Golden Eagles","SJLI","Saint Joseph's Long Island Golden Eagles","St. Joe's LI","","","","","","","","","","","","",""
"1009","2605","Saint Leo","Monarchs","ST. L","Saint Leo Monarchs","Saint Leo","000000","","","","","","","","saint-leo","","","",""
"1010","139","Saint Louis","Billikens","SLU","Saint Louis Billikens","Saint Louis","00539C","ebebeb","321","Chaifetz Arena","St. Louis","MO","24","A-10","saint-louis","19","1","7","0"
"1011","2606","Saint Martin's","Saints","ST. M","Saint Martin's Saints","Saint Martin's","","","","","","","","","saint-martins","","","",""
"1012","126824","Saint Mary of the Woods College","Pomeroys","SMWC","Saint Mary of the Woods College Pomeroys","SMWC","","","","","","","","","","","","",""
"1013","2608","Saint Mary's","Gaels","SMC","Saint Mary's Gaels","Saint Mary's","d80024","003057","181","University Credit Union Pavilion","Moraga","CA","30","WCC","","","","",""
"1014","2899","Saint Mary's (MN)","Cardinals","SMMN","Saint Mary's (MN) Cardinals","St. Mary's MN","000000","","","","","","","","","","","",""
"1015","260","Saint Michael's","Purple Knights","STMIKEVT","Saint Michael's Purple Knights","Saint Michaels","","","","","","","","","saint-michaels","","","",""
"1016","2612","Saint Peter's","Peacocks","SPU","Saint Peter's Peacocks","Saint Peter's","004CC2","","380","Yanitelli Center","Jersey City","NJ","17","MAAC","st-peters","11","7","8","2"
"1017","2979","Saint Rose","Golden Knights","ST. R","Saint Rose Golden Knights","Saint Rose","","","","","","","","","saint-rose","","","",""
"1018","2614","Saint Vincent","Bearcats","STV","Saint Vincent Bearcats","Saint Vincent","000000","","","","","","","","saint-vincent","","","",""
"1019","467","Salem University","SALEM UNIVERSITY","SALU","Salem University SALEM UNIVERSITY","Salem U","","","","","","","","","salem-intl","","","",""
"1020","2532","Salisbury","Sea Gulls","SALIS","Salisbury Sea Gulls","Salisbury","8b0e04","fdb913","","","","","","","salisbury","","","",""
"1021","131858","Salish Kootenai","Bison","SKC","Salish Kootenai Bison","SalishKootenai","","","","","","","","","","","","",""
"1022","2776","Salve Regina","Seahawks","SALVE","Salve Regina Seahawks","Salv Rgina","000000","","","","","","","","salve-regina","","","",""
"1023","2534","Sam Houston","Bearkats","SHSU","Sam Houston Bearkats","Sam Houston","fe5000","000000","386","Bernard G. Johnson Coliseum","Huntsville","TX","25","CUSA","","13","7","5","4"
"1024","2535","Samford","Bulldogs","SAM","Samford Bulldogs","Samford","005485","bc0023","97","Pete Hanna Center","Homewood","AL","21","SoCon","samford","10","11","3","5"
"1025","301","San Diego","Toreros","USD","San Diego Toreros","San Diego","2f99d4","2f99d4","239","Jenny Craig Pavilion","San Diego","CA","30","WCC","san-diego","9","13","3","6"
"1026","3096","San Diego Christian","Hawks","SDCHR","San Diego Christian Hawks","S Diego Christ","","","","","","","","","","","","",""
"1027","21","San Diego State","Aztecs","SDSU","San Diego State Aztecs","San Diego St","c41230","000000","238","Viejas Arena","San Diego","CA","2","Mountain West","san-diego-st","14","5","8","1"
"1028","2539","San Francisco","Dons","SF","San Francisco Dons","San Francisco","22523F","fbcd3c","205","The Sobrato Center","San Francisco","CA","30","WCC","san-francisco","13","9","5","4"
"1029","22","San Francisco State","Gators","SFSU","San Francisco State Gators","San Fran State","","","","","","","","","","","","",""
"1030","23","San José State","Spartans","SJSU","San José State Spartans","San José St","005893","fdba31","185","Provident Credit Union Event Center","San Jose","CA","2","Mountain West","","","","",""
"1031","2541","Santa Clara","Broncos","SCU","Santa Clara Broncos","Santa Clara","690b0b","101010","352","Leavey Center","Santa Clara","CA","30","WCC","santa-clara","17","5","8","1"
"1032","108862","Sarah Lawrence","Gryphons","SRLW","Sarah Lawrence Gryphons","Sarah Lawrence","","","","","","","","","sarah-lawrence","","","",""
"1033","466","Savannah College Of Art And Design","Bees","SCAD","Savannah College Of Art And Design Bees","Savannah","000000","","","","","","","","","","","",""
"1034","2542","Savannah State","","","","","","","591","Tiger Arena","Savannah","GA","","","savannah-st","","","",""
"1035","2544","Schreiner","Mountaineers","SCHRE","Schreiner Mountaineers","Schreiner","000000","","","","","","","","schreiner","","","",""
"1036","608","Science & Arts (OK)","Drovers","SAOK","Science & Arts (OK) Drovers","Science & Arts","","","","","","","","","","","","",""
"1038","2548","Seattle Pacific","Falcons","SEAPAC","Seattle Pacific Falcons","Seatle Pac","000000","","","","","","","","seattle-pacific","","","",""
"1039","2547","Seattle U","Redhawks","SEA","Seattle U Redhawks","Seattle U","BF2E1A","c2c3c0","313","Redhawk Center","Seattle","WA","30","WCC","","14","8","3","6"
"1040","3075","Selma","Bulldogs","SELMA","Selma Bulldogs","Selma","","","","","","","","","","","","",""
"1041","2550","Seton Hall","Pirates","HALL","Seton Hall Pirates","Seton Hall","0857B1","8a8d8f","107","Prudential Center","Newark","NJ","14","Big East","seton-hall","14","6","4","5"
"1042","109567","Seton Hill","Griffins","SETONHILL","Seton Hill Griffins","SETONHILL","","","","","","","","","seton-hill","","","",""
"1043","2553","Sewanee","Tigers","SEWAN","Sewanee Tigers","Sewanee","000000","","","","","","","","sewanee","","","",""
"1044","2551","Shaw","Bears","SHA","Shaw Bears","Shaw","000000","","","","","","","","shaw","","","",""
"1045","2893","Shawnee State","Bears","SHAWN","Shawnee State Bears","Shawnee State","","","","","","","","","","","","",""
"1046","2828","Shenandoah","Hornets","SHENAN","Shenandoah Hornets","Shenandoah","000000","","","","","","","","shenandoah","","","",""
"1047","2974","Shepherd","Rams","SHE","Shepherd Rams","Shepherd","000000","","","","","","","","shepherd","","","",""
"1048","2559","Shippensburg","Raiders","SHPSBRG","Shippensburg Raiders","Shppnsburg","000000","","","","","","","","shippensburg","","","",""
"1049","2560","Shorter","Hawks","SHOR","Shorter Hawks","Shorter","000000","","","","","","","","shorter","","","",""
"1050","2561","Siena","Saints","SIE","Siena Saints","Siena","037961","eea60f","71","MVP Arena","Albany","NY","17","MAAC","siena","14","7","7","3"
"1051","2562","Siena Heights","Saints","SH","Siena Heights Saints","Siena Heights","000000","","","","","","","","","","","",""
"1052","109708","Silver Lake","Silverlake","SILVERLK","Silver Lake Silverlake","SILVERLAKE","","","","","","","","","","","","",""
"1053","2829","Simon Fraser","Red Leafs","SIMFRA","Simon Fraser Red Leafs","Simon Fraser","000000","","","","","","","","simon-fraser","","","",""
"1054","2564","Simpson College (IA)","Storm","SIMPS","Simpson College (IA) Storm","Simpson","b20838","f0b310","","","","","","","","","","",""
"1055","612","Simpson University (CA)","Red Hawks","SIMPS","Simpson University (CA) Red Hawks","Simpson (CA)","","","","","","","","","","","","",""
"1056","2894","Sioux Falls","Cougars","SIOUX","Sioux Falls Cougars","Sioux Flls","000000","","","","","","","","sioux-falls","","","",""
"1058","2566","Skidmore","Thoroughbreds","SKIDM","Skidmore Thoroughbreds","Skidmore","000000","","","","","","","","skidmore","","","",""
"1059","215","Slippery Rock","The Rock","SRU","Slippery Rock The Rock","Slip Rock","000000","","","","","","","","slippery-rock","","","",""
"1061","2574","Sonoma State","Seawolves","SON","Sonoma State Seawolves","Sonoma St","000000","","","","","","","","sonoma-st","","","",""
"1062","6","South Alabama","Jaguars","USA","South Alabama Jaguars","South Alabama","003E7E","","129","Mitchell Center","Mobile","AL","7","Sun Belt","","14","6","5","3"
"1063","2579","South Carolina","Gamecocks","SC","South Carolina Gamecocks","South Carolina","73000a","ffffff","84","Colonial Life Arena","Columbia","SC","4","SEC","south-carolina","11","9","2","5"
"1064","2569","South Carolina State","Bulldogs","SCST","South Carolina State Bulldogs","SC State","7d1315","104897","43","Smith-Hammond-Middleton Memorial Center","Orangeburg","SC","23","MEAC","south-carolina-st","","","",""
"1065","2908","South Carolina Upstate","Spartans","UPST","South Carolina Upstate Spartans","SC Upstate","008545","000000","223","G.B. Hodge Center","Spartanburg","SC","19","Big South","usc-upstate","","","",""
"1066","2543","South Carolina-Aiken","Pacers","SOUTH","South Carolina-Aiken Pacers","S Car-Aiken","000000","","","","","","","","sc-aiken","","","",""
"1067","233","South Dakota","Coyotes","SDAK","South Dakota Coyotes","South Dakota","CD1241","f0f0f0","170","Sanford Coyote Sports Center","Vermillion","SD","26","Summit","south-dakota","11","11","3","4"
"1068","7298","South Dakota Mines","Hardrockers","SDMT","South Dakota Mines Hardrockers","SD Tech","","","","","","","","","south-dakota-mines","","","",""
"1069","613","South Dakota St School Of Mines","Hardrockers","SDSTMINES","South Dakota St School Of Mines Hardrockers","S Dak Mnes","000000","","","","","","","","","","","",""
"1070","2571","South Dakota State","Jackrabbits","SDST","South Dakota State Jackrabbits","S Dakota St","0033a0","ffd100","287","First Bank & Trust Arena","Brookings","SD","26","Summit","south-dakota-st","","","",""
"1071","58","South Florida","Bulls","USF","South Florida Bulls","South Florida","004A36","231f20","337","Yuengling Center","Tampa","FL","20","American","","","","",""
"1072","2895","South Vermont","Mountaineers","SV","South Vermont Mountaineers","Southern VT","","","","","","","","","","","","",""
"1073","2546","Southeast Missouri State","Redhawks","SEMO","Southeast Missouri State Redhawks","SE Missouri","c8102e","000000","347","Show Me Center","Cape Girardeau","MO","28","OVC","","","","",""
"1074","3105","Southeastern","Fires","SE","Southeastern Fires","Southestrn","","","","","","","","","","","","",""
"1075","111951","Southeastern Baptist College","Chargers","SEBC","Southeastern Baptist College Chargers","SEBAPT","","","","","","","","","","","","",""
"1076","2581","Southeastern College","Crusaders","SEFL","Southeastern College Crusaders","Southeastern College","000000","","","","","","","","","","","",""
"1077","199","Southeastern Oklahoma State","Savage Storm","SEOS","Southeastern Oklahoma State Savage Storm","SE Okla St","000000","","","","","","","","","","","",""
"1078","2582","Southern","Jaguars","SOU","Southern Jaguars","Southern","004B97","ffc82d","372","F.G. Clark Activity Center","Baton Rouge","LA","5","SWAC","","","","",""
"1079","2568","Southern Arkansas","Muleriders","SOU","Southern Arkansas Muleriders","S Arkansas","000000","","","","","","","","","","","",""
"1080","2570","Southern Colorado","Indians","SOCO","Southern Colorado Indians","S Colorado","000000","","","","","","","","","","","",""
"1081","79","Southern Illinois","Salukis","SIU","Southern Illinois Salukis","S Illinois","85283D","c2c3c0","281","Banterra Center","Carbondale","IL","10","MVC","","","","",""
"1082","88","Southern Indiana","Screaming Eagles","USI","Southern Indiana Screaming Eagles","So Indiana","CF102D","002D5D","259","Screaming Eagles Arena","Evansville","IN","28","OVC","","","","",""
"1083","2572","Southern Miss","Golden Eagles","USM","Southern Miss Golden Eagles","Southern Miss","FFAA3C","ffc423","130","Reed Green Coliseum","Hattiesburg","MS","7","Sun Belt","southern-miss","11","11","5","5"
"1084","200","Southern Nazarene","Crimson Storm","STN","Southern Nazarene Crimson Storm","SNAZARENE","000000","","","","","","","","southern-nazarene","","","",""
"1085","2584","Southern Oregon","Raiders","SOU","Southern Oregon Raiders","Sthrn Oregon","","","","","","","","","","","","",""
"1086","614","Southern Polytechnic","Hornets","SPS","Southern Polytechnic Hornets","Southern Poly","","","","","","","","","","","","",""
"1087","253","Southern Utah","Thunderbirds","SUU","Southern Utah Thunderbirds","Southern Utah","c72026","000000","158","America First Events Center","Cedar City","UT","1","WAC","southern-utah","7","14","3","5"
"1088","2896","Southern Virginia","Knights","SVA","Southern Virginia Knights","S Virginia","000000","","","","","","","","southern-va","","","",""
"1089","2576","Southern Wesleyan","Warriors","SOWESL","Southern Wesleyan Warriors","S Wesleyan","","","","","","","","","southern-wesleyan","","","",""
"1090","2573","Southern-New Orleans","Knights","SOUTH","Southern-New Orleans Knights","So-New Orleans","000000","","","","","","","","","","","",""
"1091","2586","Southwest Baptist","Bearcats","SWB","Southwest Baptist Bearcats","SW Baptist","000000","","","","","","","","southwest-baptist","","","",""
"1092","2587","Southwest Minnesota State","Mustangs","SOUTH","Southwest Minnesota State Mustangs","SW Minn State","000000","","","","","","","","","","","",""
"1093","7560","Southwestern (KS)","Moundbuilders","SCKS","Southwestern (KS) Moundbuilders","SW Coll KS","","","","","","","","","","","","",""
"1094","2588","Southwestern (TX)","Pirates","SW","Southwestern (TX) Pirates","SW Univ TX","000000","ffcd00","","","","","","","southwestern-tx","","","",""
"1095","2903","Southwestern Adventist","Knights","SOUTH","Southwestern Adventist Knights","SW Adventist","","","","","","","","","","","","",""
"1096","2904","Southwestern Assemblies of God","Lions","SWAOG","Southwestern Assemblies of God Lions","SW Asm of God","000000","","","","","","","","","","","",""
"1097","3238","Southwestern Christian","Eagles","SWCHRISTU","Southwestern Christian Eagles","SW Christi","","","","","","","","","","","","",""
"1098","616","Southwestern College","Moundbuilders","SW","Southwestern College Moundbuilders","Southwestern College","000000","","","","","","","","","","","",""
"1099","3151","Southwestern College Arizona","Eagles","SOUTH","Southwestern College Arizona Eagles","SW Coll AZ","","","","","","","","","","","","",""
"1100","2927","Southwestern Oklahoma State","Bulldogs","SWO","Southwestern Oklahoma State Bulldogs","Sw Ok St","000000","","","","","","","","","","","",""
"1101","2589","Spalding","Pelicans","SPALD","Spalding Pelicans","Spalding","","","","","","","","","spalding","","","",""
"1102","130241","Spartanburg Methodist","Pioneers","SPA","Spartanburg Methodist Pioneers","Spartanburg Me","","","","","","","","","","","","",""
"1103","2950","Spring Arbor","Cougars","SA","Spring Arbor Cougars","Sprg Arbor","","","","","","","","","","","","",""
"1104","2590","Spring Hill","Badgers","SPRHILL","Spring Hill Badgers","Spring Hill","000000","","","","","","","","spring-hill","","","",""
"1105","81","Springfield","Pride","SPR","Springfield Pride","Sprngfield","000000","","","","","","","","springfield","","","",""
"1106","125330","Spurgeon College","Knights","SPU","Spurgeon College Knights","Spurgeon Colle","","","","","","","","","","","","",""
"1107","2949","St Gregory's","Cavaliers","SG","St Gregory's Cavaliers","St Gregory's","000000","","","","","","","","","","","",""
"1108","2591","St. Ambrose","Fighting Bees","STA","St. Ambrose Fighting Bees","St. Ambrose","000000","","","","","","","","","","","",""
"1109","2592","St. Andrews","Knights","ST. A","St. Andrews Knights","St. Andrews","000000","","","","","","","","st-andrews","","","",""
"1110","179","St. Bonaventure","Bonnies","SBU","St. Bonaventure Bonnies","St Bonaventure","70261D","","73","Reilly Center","Saint Bonaventure","NY","24","A-10","st-bonaventure","12","8","1","6"
"1111","3140","St. Catharine (KY)","Wildcats","ST. C","St. Catharine (KY) Wildcats","St Catharine","","","","","","","","","","","","",""
"1112","86661","St. Catherine (MN)","Wildcats","STCATH","St. Catherine (MN) Wildcats","St Catherine","","","","","","","","","","","","",""
"1113","244","St. Edward's","Hilltoppers","STEDW","St. Edward's Hilltoppers","St. Edward's","000000","","","","","","","","st-edwards","","","",""
"1114","2595","St. Francis (IL)","Fighting Saints","SFIL","St. Francis (IL) Fighting Saints","St. Francis IL","000000","","","","","","","","st-francis-il","","","",""
"1115","2831","St. Francis (IN)","Cougars","SBP","St. Francis (IN) Cougars","St. Francis IN","000000","","","","","","","","","","","",""
"1116","2598","St. Francis (PA)","Red Flash","SFPA","St. Francis (PA) Red Flash","St Francis PA","a20012","","381","DeGol Arena","Loretto","PA","18","NEC","st-francis-pa","","","",""
"1117","2597","St. Francis Brooklyn","Terriers","SFBK","St. Francis Brooklyn Terriers","St Francis BK","005496","e03a3e","486","Pope Physical Education Center","Brooklyn","NY","","","st-francis-ny","","","",""
"1118","374","St. John Fisher","Cardinals","SJFISH","St. John Fisher Cardinals","Sj Fisher","000000","","","","","","","","st-john-fisher","","","",""
"1119","2599","St. John's","Red Storm","SJU","St. John's Red Storm","St John's","d10000","101010","38","Carnesecca Arena","Queens","NY","14","Big East","","","","",""
"1120","2604","St. Joseph (VT)","Saints","SJVT","St. Joseph (VT) Saints","St. Joseph (VT)","000000","","","","","","","","","","","",""
"1121","2990","St. Joseph's (NY)","Bears","SJNY","St. Joseph's (NY) Bears","St Josephs NY","","","","","","","","","","","","",""
"1122","2601","St. Josephs (IND)","Pumas","STJ","St. Josephs (IND) Pumas","St. Joseph's (IN)","000000","","","","","","","","","","","",""
"1123","2602","St. Josephs (ME)","Monks","STJOEME","St. Josephs (ME) Monks","St Joe ME","","","","","","","","","st-josephs-me","","","",""
"1124","117","St. Mary's (MD)","Seahawks","STMARYSMD","St. Mary's (MD) Seahawks","St Mary Md","","","","","","","","","st-marys-md","","","",""
"1125","2610","St. Mary's (TX)","Rattlers","ST. M","St. Mary's (TX) Rattlers","St Mary Tx","","","","","","","","","st-marys-tx","","","",""
"1126","2832","St. Norbert","Green Knights","STN","St. Norbert Green Knights","St Norbert","000000","","","","","","","","st-norbert","","","",""
"1127","133","St. Olaf","Oles","STO","St. Olaf Oles","St. Olaf","000000","d18c29","","","","","","","st-olaf","","","",""
"1128","2611","St. Pauls College","Tigers","SP","St. Pauls College Tigers","St. Pauls","000000","","","","","","","","st-pauls","","","",""
"1129","375","St. Scholastica","Saints","SCHOLA","St. Scholastica Saints","Scholastic","000000","","","","","","","","st-scholastica","","","",""
"1130","606","St. Thomas (FL)","Bobcats","STTHOM","St. Thomas (FL) Bobcats","St Thomas (FL)","","","","","","","","","st-thomas-fl","","","",""
"1132","126749","St. Thomas (TX)","Celts","STT","St. Thomas (TX) Celts","St. Thomas (TX)","","","","","","","","","st-thomas-tx","","","",""
"1131","3170","St. Thomas (TX)","Celts","STTOMTX","St. Thomas (TX) Celts","St Thomas (TX)","","","","","","","","","st-thomas-tx","","","",""
"1133","123","St. Thomas Aquinas","Spartans","AQUIN","St. Thomas Aquinas Spartans","St Thom Aq","000000","","","","","","","","st-thomas-aquinas","","","",""
"1134","2900","St. Thomas-Minnesota","Tommies","STMN","St. Thomas-Minnesota Tommies","St Thomas (MN)","000000","","165","Schoenecker Arena","Saint Paul","MN","26","Summit","","17","5","6","1"
"1135","2615","St. Xavier  (IL)","Cougars","STX","St. Xavier  (IL) Cougars","St Xavier","000000","","","","","","","","","","","",""
"1136","24","Stanford","Cardinal","STAN","Stanford Cardinal","Stanford","8c1515","ffffff","25","Maples Pavilion","Stanford","CA","12","ACC","stanford","14","6","3","4"
"1137","2616","Stanislaus State","Warriors","STNSLS","Stanislaus State Warriors","Stanislaus St","000000","","","","","","","","","","","",""
"1138","128501","Stanton","Elks","STANTON","Stanton Elks","Stanton","","","","","","","","","","","","",""
"1139","2901","Staten Island","Dolphins","STATENISL","Staten Island Dolphins","STATENISLD","","","","","","","","","staten-island","","","",""
"1140","2617","Stephen F. Austin","Lumberjacks","SFA","Stephen F. Austin Lumberjacks","SF Austin","393996","bec0c2","154","William R. Johnson Coliseum","Nacogdoches","TX","27","Southland","stephen-f-austin","","","",""
"1141","128657","Sterling College (KS)","Warriors","STCKS","Sterling College (KS) Warriors","Sterling (KS)","","","","","","","","","","","","",""
"1142","56","Stetson","Hatters","STET","Stetson Hatters","Stetson","0a5640","56854e","83","Edmunds Center","DeLand","FL","9","ASUN","stetson","7","14","3","5"
"1143","471","Stevenson","Mustangs","STS","Stevenson Mustangs","Stevenson","005747","000000","","","","","","","stevenson","","","",""
"1144","2948","Stillman","Tigers","STI","Stillman Tigers","Stillman","000000","","","","","","","","stillman","","","",""
"1145","111950","Stockton","Stockton","STOCKTON","Stockton","STOCKTON","","","","","","","","","richard-stockton","","","",""
"1146","284","Stonehill","Skyhawks","STO","Stonehill Skyhawks","Stonehill","000000","","28","Merkert Gymnasium","South Easton","MA","18","NEC","stonehill","7","14","4","4"
"1147","2619","Stony Brook","Seawolves","STBK","Stony Brook Seawolves","Stony Brook","990000","","370","Island FCU Arena","Stony Brook","NY","16","CAA","stony-brook","12","9","4","4"
"1148","383","Suffolk","Rams","SUFFOLK","Suffolk Rams","Suffolk","","","","","","","","","suffolk","","","",""
"1149","2834","Sul Ross State","Lobos","SUL","Sul Ross State Lobos","Sul Ross State","000000","","","","","","","","sul-ross-st","","","",""
"1160","216","Susquehanna","River Hawks","SUS","Susquehanna River Hawks","Susquehnna","6b1a31","fd6b0d","","","","","","","susquehanna","","","",""
"1161","217","Swarthmore","Garnet","SWART","Swarthmore Garnet","Swarthmore","000000","","","","","","","","swarthmore","","","",""
"1162","183","Syracuse","Orange","SYR","Syracuse Orange","Syracuse","ff6500","000e54","88","JMA Wireless Dome","Syracuse","NY","12","ACC","syracuse","12","8","3","4"
"1168","-2","TBD","TBD","TBD","TBD","TBD","","","","","","","","","","","","",""
"1169","2628","TCU","Horned Frogs","TCU","TCU Horned Frogs","TCU","4d1979","f1f2f3","150","Schollmaier Arena","Fort Worth","TX","8","Big 12","tcu","13","7","3","4"
"1163","619","Tabor","Tabor","TABOR","Tabor","Tabor","000000","","","","","","","","","","","",""
"1164","2625","Talladega","Tornadoes","TALLA","Talladega Tornadoes","Talladega","","","","","","","","","","","","",""
"1165","2626","Tampa","Spartans","TAMPA","Tampa Spartans","Tampa","","","","","","","","","tampa","","","",""
"1166","2627","Tarleton State","Texans","TAR","Tarleton State Texans","Tarleton St","000000","","310","Wisdom Gym","Stephenville","TX","1","WAC","tarleton-st","11","9","2","5"
"1167","620","Taylor","Trojans","TAY","Taylor Trojans","Taylor","000000","","","","","","","","","","","",""
"1170","218","Temple","Owls","TEM","Temple Owls","Temple","A80532","a7a9ac","31","Liacouras Center","Philadelphia","PA","20","American","temple","13","7","5","2"
"1171","2633","Tennessee","Volunteers","TENN","Tennessee Volunteers","Tennessee","ff8200","58595b","9","Food City Center","Knoxville","TN","4","SEC","tennessee","13","6","3","3"
"1172","2370","Tennessee Southern","Firehawks","UTSOU","Tennessee Southern Firehawks","UT Southern","","","","","","","","","","","","",""
"1173","2634","Tennessee State","Tigers","TNST","Tennessee State Tigers","Tennessee St","171796","f0f0f0","155","Gentry Center","Nashville","TN","28","OVC","tennessee-st","13","7","7","3"
"1174","2635","Tennessee Tech","Golden Eagles","TNTC","Tennessee Tech Golden Eagles","Tennessee Tech","5A4099","ffde00","258","Hooper Eblen Center","Cookeville","TN","28","OVC","tennessee-tech","7","14","2","8"
"1175","2631","Tennessee Temple","Crusaders","TNTEMP","Tennessee Temple Crusaders","Tn Temple","000000","","","","","","","","","","","",""
"1176","2632","Tennessee Wesleyan","Bulldogs","TNWESL","Tennessee Wesleyan Bulldogs","Tenn Wesl","000000","","","","","","","","","","","",""
"1177","251","Texas","Longhorns","TEX","Texas Longhorns","Texas","c15d26","ffffff","263","Moody Center","Austin","TX","4","SEC","texas","12","8","3","4"
"1178","245","Texas A&M","Aggies","TA&M","Texas A&M Aggies","Texas A&M","500000","ffffff","262","Reed Arena","College Station","TX","4","SEC","texas-am","16","4","6","1"
"1179","357","Texas A&M-Corpus Christi","Islanders","AMCC","Texas A&M-Corpus Christi Islanders","Texas A&M-CC","0067c5","007f3e","404","American Bank Center","Corpus Christi","TX","27","Southland","am-corpus-chris","","","",""
"1180","3082","Texas A&M-International","Dustdevils","TXAMINT","Texas A&M-International Dustdevils","Tx A&M-Int","000000","","","","","","","","","","","",""
"1181","2658","Texas A&M-Kingsville","Javelinas","TXA","Texas A&M-Kingsville Javelinas","Tx A&M-Kng","000000","","","","","","","","tex-am-kingsville","","","",""
"1182","130174","Texas A&M-San Antonio","Jaguars","TASA","Texas A&M-San Antonio Jaguars","TX-A&M San Ant","","","","","","","","","","","","",""
"1183","123286","Texas A&M-Texarkana","Eagles","TEX","Texas A&M-Texarkana Eagles","TAMUT","","","","","","","","","","","","",""
"1184","2637","Texas College","Steers","TXCL","Texas College Steers","Texas College","000000","","","","","","","","","","","",""
"1185","2639","Texas Lutheran","Bulldogs","TL","Texas Lutheran Bulldogs","Texas Lutheran","fdbe10","000000","","","","","","","texas-lutheran","","","",""
"1186","TRONO#PAN","Texas Pan American","Broncos","PAN","Texas Pan American Broncos","","","","","","","","","","","","","",""
"1187","94822","Texas Permian Basin","Falcons","TXPR","Texas Permian Basin Falcons","TX Perm Basin","","","","","","","","","","","","",""
"1188","2640","Texas Southern","Tigers","TXSO","Texas Southern Tigers","Texas Southern","860038","ffffff","218","H&PE Arena","Houston","TX","5","SWAC","texas-southern","5","13","3","4"
"1189","326","Texas State","Bobcats","TXST","Texas State Bobcats","Texas St","4e1719","b4975a","128","Strahan Arena at the University Events Center","San Marcos","TX","7","Sun Belt","texas-st","11","11","4","6"
"1190","2641","Texas Tech","Red Raiders","TTU","Texas Tech Red Raiders","Texas Tech","000000","da291c","201","United Supermarkets Arena","Lubbock","TX","8","Big 12","texas-tech","16","4","6","1"
"1191","2642","Texas Wesleyan","Rams","TXWESL","Texas Wesleyan Rams","Tx Weslyan","000000","","","","","","","","texas-wesleyan","","","",""
"1192","2643","The Citadel","Bulldogs","CIT","The Citadel Bulldogs","The Citadel","002b5c","f0f0f0","247","McAlister Field House","Charleston","SC","21","SoCon","citadel","6","15","3","5"
"1193","3248","The Open Bible","Open Bible","OPEN","The Open Bible Open Bible","Openbible","","","","","","","","","","","","",""
"1194","2644","Thiel","Tomcats","THIEL","Thiel Tomcats","Thiel","000000","","","","","","","","thiel","","","",""
"1195","7639","Thomas (GA)","Night Hawks","THOMAS","Thomas (GA) Night Hawks","Thomas","","","","","","","","","","","","",""
"1196","2645","Thomas (ME)","Terriers","THOMA","Thomas (ME) Terriers","THMAS","","","","","","","","","thomas-me","","","",""
"1197","2646","Thomas More","Saints","THMORE","Thomas More Saints","Thom More","000000","","","","","","","","thomas-more","","","",""
"1198","2838","Tiffin","Dragons","TIF","Tiffin Dragons","Tiffin","000000","","","","","","","","tiffin","","","",""
"1199","2648","Toccoa Falls","Eagles","TF","Toccoa Falls Eagles","Toccoa Falls","000000","","","","","","","","","","","",""
"1200","2649","Toledo","Rockets","TOL","Toledo Rockets","Toledo","0a2240","ffcd00","345","Savage Arena","Toledo","OH","3","MAC","toledo","11","9","5","3"
"1201","2650","Tougaloo","Bulldogs","TOUGA","Tougaloo Bulldogs","Tougaloo","000000","","","","","","","","","","","",""
"1202","119","Towson","Tigers","TOW","Towson Tigers","Towson","FFC229","","270","TU Arena","Towson","MD","16","CAA","towson","12","10","4","5"
"1203","2975","Transylvania","Pioneers","TRANS","Transylvania Pioneers","Transylvan","","","","","","","","","transylvania","","","",""
"1204","2906","Trevecca Nazarene","Trojans","TREVNAZ","Trevecca Nazarene Trojans","Trevecca","","","","","","","","","trevecca-nazarene","","","",""
"1205","2651","Trine University","Thunder","TRI","Trine University Thunder","Tri St In","000000","","549","MTI Center","Angola","IN","","","trine","","","",""
"1206","3155","Trinity (FL)","Tigers","TRINI","Trinity (FL) Tigers","Trinity (FL)","","","","","","","","","","","","",""
"1207","386","Trinity (TX)","Tigers","TRINTX","Trinity (TX) Tigers","Trinity Tx","000000","","686","Sams Gymnasium","San Antonio","TX","","","trinity-tx","","","",""
"1208","3174","Trinity Baptist","Eagles","TRB","Trinity Baptist Eagles","Trinitybp","","","","","","","","","","","","",""
"1209","2652","Trinity Christian (IL)","Trolls","TRII","Trinity Christian (IL) Trolls","Trinity (IL)","000000","","","","","","","","","","","",""
"1210","2907","Trinity International","Trojans","TRINIL","Trinity International Trojans","Trin Int'L","","","","","","","","","","","","",""
"1211","2653","Troy","Trojans","TROY","Troy Trojans","Troy","AE0210","88898c","65","Trojan Arena","Troy","AL","7","Sun Belt","troy","15","6","8","1"
"1212","3245","Truett-McConnell","Bears","TRMC","Truett-McConnell Bears","Truett-McConnl","","","","","","","","","","","","",""
"1213","2654","Truman State","Bulldogs","TRU","Truman State Bulldogs","Truman St","000000","","","","","","","","","","","",""
"1214","112","Tufts","Jumbos","TUF","Tufts Jumbos","Tufts","3e8ede","c6beb6","","","","","","","tufts","","","",""
"1215","2655","Tulane","Green Wave","TULN","Tulane Green Wave","Tulane","006547","468ac9","102","Devlin Fieldhouse","New Orleans","LA","20","American","tulane","12","8","3","4"
"1216","202","Tulsa","Golden Hurricane","TLSA","Tulsa Golden Hurricane","Tulsa","003595","d0b787","115","Reynolds Center","Tulsa","OK","20","American","tulsa","17","3","5","2"
"1217","2839","Tusculum","Pioneers","TUS","Tusculum Pioneers","Tusculum","f2682a","000000","","","","","","","tusculum","","","",""
"1218","2657","Tuskegee","Golden Tigers","TUS","Tuskegee Golden Tigers","Tuskegee","000000","","","","","","","","tuskegee","","","",""
"1219","5","UAB","Blazers","UAB","UAB Blazers","UAB","054338","ffc845","103","Bartow Arena","Birmingham","AL","20","American","uab","12","8","3","4"
"1220","399","UAlbany","Great Danes","ALB","UAlbany Great Danes","UAlbany","3D2777","ffffff","307","Broadview Center","Albany","NY","11","Am. East","","7","14","3","3"
"1221","302","UC Davis","Aggies","UCD","UC Davis Aggies","UC Davis","002855","c3c4c6","342","University Credit Union Center","Davis","CA","15","Big West","uc-davis","12","8","5","4"
"1222","300","UC Irvine","Anteaters","UCI","UC Irvine Anteaters","UC Irvine","002B5C","fec52e","192","Bren Events Center","Irvine","CA","15","Big West","uc-irvine","14","7","7","2"
"1223","3185","UC Merced","Bobcats","UC ME","UC Merced Bobcats","Ucmerced","","","","","","","","","","","","",""
"1224","27","UC Riverside","Highlanders","UCR","UC Riverside Highlanders","UC Riverside","14234F","","358","SRC Arena","Riverside","CA","15","Big West","uc-riverside","7","14","2","7"
"1225","28","UC San Diego","Tritons","UCSD","UC San Diego Tritons","UC San Diego","182B49","FFCD00","315","LionTree Arena","San Diego","CA","15","Big West","uc-san-diego","15","6","5","4"
"1226","2540","UC Santa Barbara","Gauchos","UCSB","UC Santa Barbara Gauchos","Santa Barbara","1e1840","febc11","184","The Thunderdome","Santa Barbara","CA","15","Big West","uc-santa-barbara","13","7","6","3"
"1227","2662","UC Santa Cruz","Banana Slugs","UCSCRZ","UC Santa Cruz Banana Slugs","Cs Snt Crz","","","","","","","","","uc-santa-cruz","","","",""
"1228","2116","UCF","Knights","UCF","UCF Knights","UCF","000000","b4a269","10","Addition Financial Arena","Orlando","FL","8","Big 12","ucf","15","4","4","3"
"1229","26","UCLA","Bruins","UCLA","UCLA Bruins","UCLA","2774ae","f2a900","16","Pauley Pavilion","Los Angeles","CA","31","Big Ten","ucla","14","6","6","3"
"1230","41","UConn","Huskies","CONN","UConn Huskies","UConn","0c2340","f1f2f3","208","Gampel Pavilion","Storrs","CT","14","Big East","uconn","19","1","9","0"
"1231","82","UIC","Flames","UIC","UIC Flames","UIC","001e62","d50032","117","Credit Union 1 Arena","Chicago","IL","10","MVC","","11","10","6","4"
"1232","2433","UL Monroe","Warhawks","ULM","UL Monroe Warhawks","UL Monroe","231F20","b18445","157","Fant-Ewing Coliseum","Monroe","LA","7","Sun Belt","","","","",""
"1234","2378","UMBC","Retrievers","UMBC","UMBC Retrievers","UMBC","000000","ad860a","24","Chesapeake Employers Insurance Arena","Baltimore","MD","11","Am. East","umbc","12","7","5","1"
"1233","2349","UMass Lowell","River Hawks","UML","UMass Lowell River Hawks","UMass Lowell","00529C","cf1f2f","34","Costello Athletic Center","Lowell","MA","11","Am. East","umass-lowell","8","13","3","3"
"1235","2427","UNC Asheville","Bulldogs","UNCA","UNC Asheville Bulldogs","UNC Asheville","003da5","ffffff","413","Kimmel Arena","Asheville","NC","19","Big South","unc-asheville","9","12","3","4"
"1236","2430","UNC Greensboro","Spartans","UNCG","UNC Greensboro Spartans","UNC Greensboro","003559","ffd90a","57","First Horizon Coliseum","Greensboro","NC","21","SoCon","unc-greensboro","8","13","4","4"
"1237","2882","UNC Pembroke","Braves","NCPEMB","UNC Pembroke Braves","NC Pmbroke","000000","","","","","","","","unc-pembroke","","","",""
"1238","350","UNC Wilmington","Seahawks","UNCW","UNC Wilmington Seahawks","UNC Wilmington","00665e","ffda00","51","Trask Coliseum","Wilmington","NC","16","CAA","unc-wilmington","","","",""
"1254","2439","UNLV","Rebels","UNLV","UNLV Rebels","UNLV","b10202","ffffff","194","Thomas & Mack Center","Las Vegas","NV","2","Mountain West","unlv","10","9","5","3"
"1255","126794","UNT Dallas","Trailblazers","UNTD","UNT Dallas Trailblazers","UNT Dallas","","","","","","","","","","","","",""
"1259","30","USC","Trojans","USC","USC Trojans","USC","9e2237","ffcc00","187","Galen Center","Los Angeles","CA","31","Big Ten","","","","",""
"1260","250","UT Arlington","Mavericks","UTA","UT Arlington Mavericks","UT Arlington","004b7c","f58024","21","College Park Center","Arlington","TX","1","WAC","","13","6","5","2"
"1261","2905","UT Dallas","Comets","TEXAS","UT Dallas Comets","Tex-Dallas","000000","","","","","","","","","","","",""
"1262","2630","UT Martin","Skyhawks","UTM","UT Martin Skyhawks","UT Martin","FF6700","102a5c","241","Kathleen and Tom Elam Center","Martin","TN","28","OVC","ut-martin","15","5","7","2"
"1263","3081","UT Permian Basin","Falcons","TXPBAS","UT Permian Basin Falcons","UTPermianBasin","000000","","","","","","","","","","","",""
"1264","292","UT Rio Grande Valley","Vaqueros","RGV","UT Rio Grande Valley Vaqueros","UT Rio Grande","dc6000","e1732d","322","UTRGV Fieldhouse","Edinburg","TX","27","Southland","","","","",""
"1265","3086","UT Tyler","Patriots","UTT","UT Tyler Patriots","UT Tyler","000000","","","","","","","","","","","",""
"1270","2638","UTEP","Miners","UTEP","UTEP Miners","UTEP","ff8200","041e42","166","Don Haskins Center","El Paso","TX","25","CUSA","utep","7","13","3","6"
"1272","2636","UTSA","Roadrunners","UTSA","UTSA Roadrunners","UTSA","002A5C","f47321","137","UTSA Convocation Center","San Antonio","TX","20","American","utsa","4","16","0","8"
"1273","2842","UVA Wise","Cavaliers","VIRWISE","UVA Wise Cavaliers","Va Wise","e30000","000000","","","","","","","uva-wise","","","",""
"1274","2742","UW-Parkside","Rangers","WISCOPARK","UW-Parkside Rangers","Uw-Parksde","","","","","","","","","","","","",""
"1239","2841","Union (KY)","Bulldogs","UC","Union (KY) Bulldogs","Union (KY)","000000","","","","","","","","","","","",""
"1240","2785","Union (NY)","Garnet Chargers","UNNY","Union (NY) Garnet Chargers","Union","000000","","","","","","","","union-ny","","","",""
"1241","237","Union (TN)","Bulldogs","UNI","Union (TN) Bulldogs","Union TN","000000","","","","","","","","union-tn","","","",""
"1247","603","University Of Saint Mary","University Of Saint Mary","STMARYCOL","University Of Saint Mary","Saintmary","","","","","","","","","","","","",""
"1251","111982","University Of The Virgin Islands","Uvi","VIRGINISL","University Of The Virgin Islands Uvi","UVI","","","389","UVI Sports & Fitness Center","Saint Thomas","Virgin Islands","","","","","","",""
"1253","112006","University Park","Jaguars","GOV","University Park Jaguars","GOVERN","","","","","","","","","","","","",""
"1242","112686","University of Health Sciences & Pharmacy","Eutectics","UHSP","University of Health Sciences & Pharmacy Eutectics","UHSP","","","","","","","","","","","","",""
"1243","559","University of Mary","Marauders","MARY","University of Mary Marauders","Univ of Mary","000000","","","","","","","","mary","","","",""
"1244","3085","University of New England","Nor'easters","NWENG","University of New England Nor'easters","New England","","","","","","","","","u-new-england","","","",""
"1245","184","University of Rochester (NY)","Yellow Jackets","ROC","University of Rochester (NY) Yellow Jackets","Rochester","000000","","","","","","","","rochester-ny","","","",""
"1246","3249","University of Saint Katherine","Saint Katherine","STKAT","University of Saint Katherine Saint Katherine","St Kath","","","","","","","","","","","","",""
"1248","3109","University of The Ozarks","Eagles","OZARK","University of The Ozarks Eagles","U of Ozarks","","","","","","","","","ozarks-ar","","","",""
"1249","482","University of The Sciences","Devils","USPHI","University of The Sciences Devils","Sciencephi","","","","","","","","","","","","",""
"1250","3154","University of The Southwest","Mustangs","SOUTH","University of The Southwest Mustangs","U Southwest","","","610","Maddox Student Life Center","Hobbs","NM","","","","","","",""
"1252","2723","University of Wisconsin River Falls","Falcons","WISCO","University of Wisconsin River Falls Falcons","Uw-Riv Fls","000000","","","","","","","","wis-river-falls","","","",""
"1256","389","Upper Iowa","Peacocks","UPPERIOWA","Upper Iowa Peacocks","Upper Iowa","000000","","","","","","","","upper-iowa","","","",""
"1257","2666","Urbana","Blue Knights","URB","Urbana Blue Knights","Urbana","000000","","","","","","","","urbana","","","",""
"1258","2667","Ursinus","Bears","URS","Ursinus Bears","Ursinus","98012e","fcb034","","","","","","","ursinus","","","",""
"1266","254","Utah","Utes","UTAH","Utah Utes","Utah","ea002a","ffffff","173","Jon M. Huntsman Center","Salt Lake City","UT","8","Big 12","utah","9","11","1","6"
"1267","328","Utah State","Aggies","USU","Utah State Aggies","Utah State","00263a","949ca1","235","Dee Glen Smith Spectrum","Logan","UT","2","Mountain West","utah-st","","","",""
"1268","3101","Utah Tech","Trailblazers","UTU","Utah Tech Trailblazers","Utah Tech","000000","","314","Burns Arena","St. George","UT","1","WAC","utah-tech","11","11","4","4"
"1269","3084","Utah Valley","Wolverines","UVU","Utah Valley Wolverines","Utah Valley","004812","e1c736","116","UCCU Center","Orem","UT","1","WAC","utah-valley","15","6","5","3"
"1271","390","Utica","Pioneers","UTICA","Utica Pioneers","UTICA","000000","","","","","","","","utica","","","",""
"1282","2670","VCU","Rams","VCU","VCU Rams","VCU","ffaf00","000000","92","Siegel Center","Richmond","VA","24","A-10","vcu","14","6","5","2"
"1297","2678","VMI","Keydets","VMI","VMI Keydets","VMI","ae122a","ffd619","32","Cameron Hall","Lexington","VA","21","SoCon","vmi","6","15","1","7"
"1275","2673","Valdosta State","Blazers","VAL","Valdosta State Blazers","Valdsta St","dd1a32","000000","","","","","","","valdosta-st","","","",""
"1276","628","Valley City","Valley City","VALC","Valley City","Valley City","000000","","","","","","","","","","","",""
"1277","110414","Valley Forge","Patriots","UVF","Valley Forge Patriots","Valley Forge","","","","","","","","","valley-forge-chrst","","","",""
"1278","2674","Valparaiso","Beacons","VAL","Valparaiso Beacons","Valparaiso","794500","","283","Athletics-Recreation Center","Valparaiso","IN","10","MVC","valparaiso","10","10","4","5"
"1279","238","Vanderbilt","Commodores","VAN","Vanderbilt Commodores","Vanderbilt","000000","231f20","119","Memorial Gymnasium (TN)","Nashville","TN","4","SEC","vanderbilt","17","3","4","3"
"1280","2585","Vanguard","Lions","VANGU","Vanguard Lions","Vanguard","000000","","","","","","","","","","","",""
"1281","185","Vassar","Brewers","VASSA","Vassar Brewers","Vassar","","","","","","","","","vassar","","","",""
"1283","261","Vermont","Catamounts","UVM","Vermont Catamounts","Vermont","154734","ffc72c","376","Patrick Gymnasium","Burlington","VT","11","Am. East","vermont","13","8","5","1"
"1284","126751","Vermont State - Johnson","Badgers","VTSJ","Vermont State - Johnson Badgers","VTSU-Johnson","","","","","","","","","","","","",""
"1285","551","Vermont State - Lyndon","Hornets","NVERLYND","Vermont State - Lyndon Hornets","VT-Lyndon","","","","","","","","","","","","",""
"1286","130189","Vermont State - Randolph","Knights","VER","Vermont State - Randolph Knights","Vermont State","","","","","","","","","","","","",""
"1287","3129","Victory University","Eagles","VIC","Victory University Eagles","Victory College","","","","","","","","","","","","",""
"1288","222","Villanova","Wildcats","VILL","Villanova Wildcats","Villanova","00205b","13b5ea","140","Finneran Pavilion","Villanova","PA","14","Big East","villanova","15","5","6","3"
"1289","258","Virginia","Cavaliers","UVA","Virginia Cavaliers","Virginia","232d4b","f84c1e","227","John Paul Jones Arena","Charlottesville","VA","12","ACC","virginia","16","3","5","2"
"1290","2671","Virginia Intermont","Cobras","VAINTER","Virginia Intermont Cobras","Va Intrmnt","000000","","","","","","","","","","","",""
"1291","330","Virginia St","Trojans","VIRST","Virginia St Trojans","Va State","000000","","","","","","","","virginia-st","","","",""
"1292","259","Virginia Tech","Hokies","VT","Virginia Tech Hokies","Virginia Tech","630031","cf4520","151","Cassell Coliseum","Blacksburg","VA","12","ACC","virginia-tech","15","6","4","4"
"1293","2676","Virginia Union","Panthers","VIRGI","Virginia Union Panthers","Va Union","000000","","","","","","","","virginia-union","","","",""
"1294","2672","Virginia Wesleyan","Blue Marlins","VAWESL","Virginia Wesleyan Blue Marlins","Va Wesleyn","","","","","","","","","","","","",""
"1295","3229","Virginia-Lynchburg","Dragons","UVAL","Virginia-Lynchburg Dragons","VA-Lynchburg","","","","","","","","","","","","",""
"1296","2677","Viterbo","V-Hawks","VITER","Viterbo V-Hawks","Viterbo","","","","","","","","","","","","",""
"1298","2679","Voorhees","Tigers","VOORH","Voorhees Tigers","Voorhees","","","","","","","","","","","","",""
"1388","2749","WPI","Engineers","WPI","WPI Engineers","WPI","000000","","","","","","","","wpi","","","",""
"1390","2706","WVU Tech","Golden Bears","WVT","WVU Tech Golden Bears","Wv Tech","000000","","","","","","","","","","","",""
"1299","89","Wabash College","Little Giants","WAB","Wabash College Little Giants","Wabash","000000","","","","","","","","wabash","","","",""
"1300","2681","Wagner","Seahawks","WAG","Wagner Seahawks","Wagner","00483A","ffffff","294","Spiro Sports Center","Staten Island","NY","18","NEC","wagner","6","12","1","6"
"1301","154","Wake Forest","Demon Deacons","WAKE","Wake Forest Demon Deacons","Wake Forest","000000","ceb888","153","LJVM Coliseum","Winston-Salem","NC","12","ACC","wake-forest","11","9","2","5"
"1302","3080","Waldorf College","Warriors","WAL","Waldorf College Warriors","Waldorf","000000","","","","","","","","","","","",""
"1303","3152","Walla Walla","Wolves","WLL","Walla Walla Wolves","Walla Walla","","","","","","","","","","","","",""
"1304","2952","Warner Pacific","Knights","WARNE","Warner Pacific Knights","Warner Pac","000000","","","","","","","","","","","",""
"1306","2683","Warner University","Royals","WARNE","Warner University Royals","Warner So","000000","","","","","","","","","","","",""
"1305","103563","Warner University","Royals","WAU","Warner University Royals","Warner","","","","","","","","","","","","",""
"1307","2684","Warren Wilson","Owls","WARWIL","Warren Wilson Owls","Warren Wil","","","","","","","","","","","","",""
"1308","2685","Wartburg","Knights","WAR","Wartburg Knights","Wartburg","f5822b","000000","","","","","","","wartburg","","","",""
"1309","2687","Washburn","Ichabods","WAS","Washburn Ichabods","Washburn","000000","","","","","","","","washburn","","","",""
"1310","264","Washington","Huskies","WASH","Washington Huskies","Washington","33006f","e8d3a2","207","Alaska Airlines Arena","Seattle","WA","31","Big Ten","washington","11","9","3","6"
"1311","2686","Washington & Jefferson","Presidents","WAS","Washington & Jefferson Presidents","Wash & Jeff","000000","","","","","","","","","","","",""
"1312","50024","Washington Adventist","Shock","WASHADV","Washington Adventist Shock","Wash Adventist","","","","","","","","","washington-adventist","","","",""
"1313","408","Washington Adventist","Shock","WASHADV","Washington Adventist Shock","Wsh Advent","","","","","","","","","washington-adventist","","","",""
"1315","2689","Washington College (MD)","Shoremen","WCMD","Washington College (MD) Shoremen","Wash Coll (MD)","000000","","","","","","","","","","","",""
"1316","265","Washington State","Cougars","WSU","Washington State Cougars","Washington St","981e32","ffffff","193","Beasley Coliseum","Pullman","WA","30","WCC","washington-st","9","13","4","5"
"1317","143","Washington University (St. Louis)","Bears","WAS","Washington University (St. Louis) Bears","Wash St Louis","000000","","","","","","","","washington-st-louis","","","",""
"1314","2688","Washington and Lee","Generals","UWL","Washington and Lee Generals","Wash and Lee","000399","d8d8d8","","","","","","","","","","",""
"1318","630","Wayland Baptist","Pioneers","WAYLAND","Wayland Baptist Pioneers","Wayland","","","","","","","","","","","","",""
"1319","131","Wayne State (MI)","Warriors","WAY","Wayne State (MI) Warriors","Wayne State MI","000000","","","","","","","","wayne-st-mi","","","",""
"1320","2844","Wayne State (NE)","Wildcats","WAY","Wayne State (NE) Wildcats","Wayne State NE","000000","","","","","","","","wayne-st-ne","","","",""
"1321","2845","Waynesburg","Yellow Jackets","WAYNEB","Waynesburg Yellow Jackets","Waynesburg","000000","","","","","","","","waynesburg","","","",""
"1322","2691","Webber International","Warriors","WEBBINT","Webber International Warriors","Webber Int","bf2f38","909090","737","Sabbagh Athletic Center","Babson Park","FL","","","","","","",""
"1323","2692","Weber State","Wildcats","WEB","Weber State Wildcats","Weber St","18005a","ebebeb","174","Dee Events Center","Ogden","UT","29","Big Sky","weber-st","10","11","4","4"
"1324","2693","Webster","Gorloks","WEBST","Webster Gorloks","Webster","","","","","","","","","webster","","","",""
"1325","111922","Welch","Flames","WELCH","Welch Flames","WELCH","","","","","","","","","","","","",""
"1326","124846","Wells College","Express","WELLS","Wells College Express","Wells College","","","","","","","","","wells","","","",""
"1327","2976","Wentworth Institute Of Technology","Wentworth","WENTW","Wentworth Institute Of Technology Wentworth","Wentworth","","","","","","","","","wentworth","","","",""
"1328","2846","Wesley","Wolverines","WSLY","Wesley Wolverines","Wesley","000000","","","","","","","","wesley","","","",""
"1329","3108","Wesley","Warriors","WES","Wesley Warriors","Wesley (MS)","","","","","","","","","wesley","","","",""
"1330","2695","West Alabama","Tigers","WES","West Alabama Tigers","W Alabama","d31d33","ffffff","","","","","","","","","","",""
"1331","110418","West Coast Baptist","Eagles","WCB","West Coast Baptist Eagles","WEST COAST","","","","","","","","","","","","",""
"1332","2697","West Florida","Argonauts","WEST","West Florida Argonauts","W Florida","087dc2","03b186","","","","","","","west-florida","","","",""
"1333","2698","West Georgia","Wolves","WGA","West Georgia Wolves","West Georgia","0033a1","db1a21","375","The Coliseum","Carrollton","GA","9","ASUN","","","","",""
"1334","2704","West Texas A&M","Buffaloes","WTAM","West Texas A&M Buffaloes","West Texas A&M","000000","","","","","","","","","","","",""
"1335","277","West Virginia","Mountaineers","WVU","West Virginia Mountaineers","West Virginia","002855","eaaa00","87","WVU Coliseum","Morgantown","WV","8","Big 12","west-virginia","13","7","4","3"
"1336","455","West Virginia Wesleyan","Bobcats","WEST","West Virginia Wesleyan Bobcats","Wv Weslyan","000000","","","","","","","","","","","",""
"1337","111910","Westcliff","Warriors","WES","Westcliff Warriors","Westcliff","","","","","","","","","","","","",""
"1338","2717","Western Carolina","Catamounts","WCU","Western Carolina Catamounts","W Carolina","492F91","bf9e70","98","Ramsey Center","Cullowhee","NC","21","SoCon","","","","",""
"1339","112694","Western Colorado","Mountaineers","WCOL","Western Colorado Mountaineers","W Colorado","","","","","","","","","","","","",""
"1340","2710","Western Illinois","Leathernecks","WIU","Western Illinois Leathernecks","W Illinois","4e1e8a","ffc90a","350","Western Hall","Macomb","IL","28","OVC","","","","",""
"1341","98","Western Kentucky","Hilltoppers","WKU","Western Kentucky Hilltoppers","Western KY","F32026","b3b5b8","122","E.A. Diddle Arena","Bowling Green","KY","25","CUSA","","11","9","4","5"
"1342","2711","Western Michigan","Broncos","WMU","Western Michigan Broncos","W Michigan","532e1f","8b7f79","254","University Arena (MI)","Kalamazoo","MI","3","MAC","","","","",""
"1343","7933","Western New England","Golden Bears","WNWENG","Western New England Golden Bears","Western NE","","","","","","","","","","","","",""
"1344","2703","Western New Mexico","Mustangs","WNMEX","Western New Mexico Mustangs","W New Mex","000000","","","","","","","","","","","",""
"1345","2848","Western Oregon","Wolves","WORE","Western Oregon Wolves","Western Oregon","000000","","","","","","","","","","","",""
"1346","2714","Western State Colorado University","Mountaineers","WCK","Western State Colorado University Mountaineers","Western St.","000000","","","","","","","","","","","",""
"1347","2909","Westfield State","Owls","WES","Westfield State Owls","Westfield St","1b509e","000000","","","","","","","westfield-st","","","",""
"1348","433","Westminster (MO)","Blue Jays","WMN","Westminster (MO) Blue Jays","Westmnstr","06496f","ffffff","","","","","","","westminster-mo","","","",""
"1349","2849","Westminster (PA)","Titans","WMNPA","Westminster (PA) Titans","Wstmnstrpa","000000","","","","","","","","westminster-pa","","","",""
"1350","224","Westminster (UT)","Griffins","WUH","Westminster (UT) Griffins","Westmnster","","","","","","","","","westminster-ut","","","",""
"1351","2716","Westmont","Warriors","WESTM","Westmont Warriors","Westmont","","","","","","","","","","","","",""
"1352","396","Wheaton","Thunder","WHEATON","Wheaton Thunder","Wheaton","000000","","","","","","","","","","","",""
"1353","111242","Wheaton (MA)","Wheaton (Ma)","WHEATMA","Wheaton (MA) Wheaton (Ma)","WHEATMASS","","","","","","","","","wheaton-ma","","","",""
"1354","2719","Wheeling","Cardinals","WHEEL","Wheeling Cardinals","Wheeling","","","","","","","","","","","","",""
"1355","450","Wheelock College","Wheelock","WHEELOCK","Wheelock College Wheelock","WHEELOCK","","","","","","","","","wheelock","","","",""
"1356","2720","Whitman","Missionaries","WHITM","Whitman Missionaries","Whitman","","","","","","","","","whitman","","","",""
"1357","2850","Whittier","Poets","WHI","Whittier Poets","Whittier","4a217b","b29547","","","","","","","whittier","","","",""
"1358","2721","Whitworth","Pirates","WHI","Whitworth Pirates","Whitworth","930036","000000","","","","","","","whitworth","","","",""
"1359","2724","Wichita State","Shockers","WICH","Wichita State Shockers","Wichita St","0d0a03","ffc41e","308","Charles Koch Arena","Wichita","KS","20","American","wichita-st","13","8","5","3"
"1360","2725","Widener","Pride","WID","Widener Pride","Widener","0056ba","fdc743","","","","","","","widener","","","",""
"1361","2726","Wilberforce","Bulldogs","WILBER","Wilberforce Bulldogs","Wilberforce","","","","","","","","","","","","",""
"1362","2728","Wiley","Wildcats","WILEY","Wiley Wildcats","Wiley","","","","","","","","","","","","",""
"1363","398","Wilkes University","Colonels","WILKES","Wilkes University Colonels","Wilkes","002856","ffcd00","","","","","","","wilkes","","","",""
"1364","2930","Willamette","Bearcats","WLLMTT","Willamette Bearcats","Willamette","960a2c","ab9e76","","","","","","","willamette","","","",""
"1365","2729","William & Mary","Tribe","W&M","William & Mary Tribe","William & Mary","103217","f6b220","50","Kaplan Arena","Williamsburg","VA","16","CAA","william-mary","14","6","5","3"
"1366","2730","William Carey","Crusaders","WLCA","William Carey Crusaders","William Carey","000000","","","","","","","","","","","",""
"1367","2911","William Jewell","Cardinals","WILLI","William Jewell Cardinals","William Jewell","000000","","","","","","","","william-jewell","","","",""
"1368","108807","William Peace","Pacers","WILP","William Peace Pacers","William Peace","","","","","","","","","william-peace","","","",""
"1369","2912","William Penn","Statesmen","WILLPENN","William Penn Statesmen","Will Penn","000000","","","","","","","","william-penn","","","",""
"1370","2931","William Woods","Owls","WWD","William Woods Owls","Williamwds","","","","","","","","","","","","",""
"1371","2731","Williams","Ephs","WIL","Williams Ephs","Williams","500082","ffbe0a","","","","","","","williams","","","",""
"1372","2981","Williams Baptist","Eagles","WILLI","Williams Baptist Eagles","Wm Baptist","","","","","","","","","","","","",""
"1373","2732","Wilmington (DE)","Wildcats","WILMDE","Wilmington (DE) Wildcats","WILMNGTNDE","","","","","","","","","wilmington-de","","","",""
"1374","2733","Wilmington (OH)","Fightin' Quakers","WILMOH","Wilmington (OH) Fightin' Quakers","Wilmington OH","000000","","","","","","","","wilmington-oh","","","",""
"1375","95026","Wilmington University","Wildcats","","Wilmington University Wildcats","Wilmington University","","","","","","","","","wilmington-de","","","",""
"1376","111914","Wilson College","Wico","WILSO","Wilson College Wico","WICO","","","","","","","","","wilson","","","",""
"1377","351","Wingate","Bulldogs","WIN","Wingate Bulldogs","Wingate","182441","c1b585","","","","","","","wingate","","","",""
"1378","2736","Winston-Salem","Rams","WSSTU","Winston-Salem Rams","Winston-Salem","bb0100","","740","C.E. Gaines Center","Winston-Salem","NC","","","winston-salem","","","",""
"1379","2737","Winthrop","Eagles","WIN","Winthrop Eagles","Winthrop","9e0b0e","fdb41e","37","Winthrop Coliseum","Rock Hill","SC","19","Big South","winthrop","15","8","7","1"
"1380","275","Wisconsin","Badgers","WIS","Wisconsin Badgers","Wisconsin","c4012f","ffffff","142","Kohl Center","Madison","WI","31","Big Ten","wisconsin","14","6","6","3"
"1381","2740","Wisconsin-Lacrosse","Eagles","WISLAC","Wisconsin-Lacrosse Eagles","Wisc-Lac","000000","","","","","","","","","","","",""
"1382","2741","Wisconsin-Lutheran","Warriors","WISLUTH","Wisconsin-Lutheran Warriors","Wis-Luthrn","006241","000000","","","","","","","","","","",""
"1383","2744","Wisconsin-Stout","Blue Devils","WIST","Wisconsin-Stout Blue Devils","Wi Stout","000000","","","","","","","","","","","",""
"1384","401","Wisconsin-Superior","Wiscsup","WISCSUP","Wisconsin-Superior Wiscsup","WISCSUP","","","","","","","","","","","","",""
"1385","2746","Wittenberg","Tigers","WITTEN","Wittenberg Tigers","Wittenberg","000000","","","","","","","","wittenberg","","","",""
"1386","2747","Wofford","Terriers","WOF","Wofford Terriers","Wofford","533B22","f0f0f0","26","Jerry Richardson Indoor Stadium","Spartanburg","SC","21","SoCon","wofford","14","7","6","2"
"1387","402","Worcester State","Lancers","WORST","Worcester State Lancers","Worcest St","004b8e","ffc629","","","","","","","worcester-st","","","",""
"1389","2750","Wright State","Raiders","WRST","Wright State Raiders","Wright St","cba052","cba052","215","Nutter Center","Dayton","OH","22","Horizon","wright-st","13","8","8","2"
"1391","2751","Wyoming","Cowboys","WYO","Wyoming Cowboys","Wyoming","492f24","ffc425","177","Arena-Auditorium","Laramie","WY","2","Mountain West","wyoming","12","8","3","6"
"1392","2752","Xavier","Musketeers","XAV","Xavier Musketeers","Xavier","21304e","a5a7a8","106","Cintas Center","Cincinnati","OH","14","Big East","xavier","11","9","3","6"
"1393","2753","Xavier (LA)","Gold Nuggets","XAVL","Xavier (LA) Gold Nuggets","Xavier (LA)","000000","","301","Convocation Center (LA)","New Orleans","LA","","","","","","",""
"1394","43","Yale","Bulldogs","YALE","Yale Bulldogs","Yale","004a81","286dc0","126","John J. Lee Amphitheater","New Haven","CT","13","Ivy","yale","15","3","4","1"
"1395","123391","Yellowstone Christian College","Centurions","YCC","Yellowstone Christian College Centurions","Yellowstone","","","","","","","","","","","","",""
"1396","122196","York (NY)","Cardinals","YKNY","York (NY) Cardinals","York (NY)","","","","","","","","","york-ny","","","",""
"1397","109998","York College Nebraska","Panthers","YOR","York College Nebraska Panthers","YORKCOLNEB","","","","","","","","","","","","",""
"1398","86853","York College Pa","Spartans","YRK","York College Pa Spartans","Yorkcoll","","","","","","","","","york-pa","","","",""
"1399","3219","Young Harris College","Mountain Lions","YNGHAR","Young Harris College Mountain Lions","Yng Harris","","","","","","","","","young-harris","","","",""
"1400","2754","Youngstown State","Penguins","YSU","Youngstown State Penguins","Youngstown St","E51935","690717","196","Beeghly Center","Youngstown","OH","22","Horizon","youngstown-st","10","12","3","8"
